step,J,true_crop_sum,run
0,2410.1530387303783,0.0,0
1,2410.1530387303783,0.0,0
2,2410.1530387303783,0.0,0
3,2410.1530387303783,1.0,0
4,2410.1530387303783,3.0,0
5,2353.7235365428155,5.0,0
6,2353.7235365428155,7.0,0
7,2353.7235365428155,9.0,0
8,2353.7235365428155,11.0,0
9,2353.7235365428155,13.0,0
10,2328.1366667884377,15.0,0
11,2328.1366667884377,17.0,0
12,2328.1366667884377,19.0,0
13,2328.1366667884377,21.0,0
14,2328.1366667884377,23.0,0
15,2291.9710450947805,25.0,0
16,2291.9710450947805,27.0,0
17,2291.9710450947805,29.0,0
18,2291.9710450947805,31.0,0
19,2291.9710450947805,33.0,0
20,2272.407016384773,35.0,0
21,2272.407016384773,37.0,0
22,2272.407016384773,39.0,0
23,2272.407016384773,41.0,0
24,2272.407016384773,43.0,0
25,2255.3001852493735,45.0,0
26,2255.3001852493735,47.0,0
27,2255.3001852493735,49.0,0
28,2255.3001852493735,51.0,0
29,2255.3001852493735,53.0,0
30,2238.434624648142,55.0,0
31,2238.434624648142,57.0,0
32,2238.434624648142,59.0,0
33,2238.434624648142,61.0,0
34,2238.434624648142,63.0,0
35,2231.157307338224,65.0,0
36,2231.157307338224,67.0,0
37,2231.157307338224,69.0,0
38,2231.157307338224,71.0,0
39,2231.157307338224,73.0,0
40,2221.890834070148,75.0,0
41,2221.890834070148,77.0,0
42,2221.890834070148,79.0,0
43,2221.890834070148,81.0,0
44,2221.890834070148,83.0,0
45,2212.482071168648,85.0,0
46,2212.482071168648,87.0,0
47,2212.482071168648,89.0,0
48,2212.482071168648,91.0,0
49,2212.482071168648,92.0,0
50,2201.460722233457,94.0,0
51,2201.460722233457,96.0,0
52,2201.460722233457,98.0,0
53,2201.460722233457,100.0,0
54,2201.460722233457,102.0,0
55,2182.674982683645,104.0,0
56,2182.674982683645,106.0,0
57,2182.674982683645,108.0,0
58,2182.674982683645,110.0,0
59,2182.674982683645,112.0,0
60,2170.6234267659947,114.0,0
61,2170.6234267659947,116.0,0
62,2170.6234267659947,118.0,0
63,2170.6234267659947,120.0,0
64,2170.6234267659947,122.0,0
65,2155.0744454788883,124.0,0
66,2155.0744454788883,126.0,0
67,2155.0744454788883,128.0,0
68,2155.0744454788883,130.0,0
69,2155.0744454788883,132.0,0
70,2144.658609440653,134.0,0
71,2144.658609440653,136.0,0
72,2144.658609440653,138.0,0
73,2144.658609440653,140.0,0
74,2144.658609440653,142.0,0
75,2133.7880008047055,144.0,0
76,2133.7880008047055,146.0,0
77,2133.7880008047055,148.0,0
78,2133.7880008047055,150.0,0
79,2133.7880008047055,152.0,0
80,2123.3634194522456,154.0,0
81,2123.3634194522456,156.0,0
82,2123.3634194522456,158.0,0
83,2123.3634194522456,160.0,0
84,2123.3634194522456,162.0,0
85,2116.3379981623325,164.0,0
86,2116.3379981623325,166.0,0
87,2116.3379981623325,168.0,0
88,2116.3379981623325,170.0,0
89,2116.3379981623325,172.0,0
90,2096.9457530246364,174.0,0
91,2096.9457530246364,176.0,0
92,2096.9457530246364,178.0,0
93,2096.9457530246364,180.0,0
94,2096.9457530246364,181.0,0
95,2080.1672703737595,183.0,0
96,2080.1672703737595,185.0,0
97,2080.1672703737595,187.0,0
98,2080.1672703737595,189.0,0
99,2080.1672703737595,191.0,0
100,2066.901320690793,193.0,0
101,2066.901320690793,195.0,0
102,2066.901320690793,197.0,0
103,2066.901320690793,199.0,0
104,2066.901320690793,201.0,0
105,2057.27503688302,203.0,0
106,2057.27503688302,205.0,0
107,2057.27503688302,207.0,0
108,2057.27503688302,209.0,0
109,2057.27503688302,211.0,0
110,2046.258857772039,213.0,0
111,2046.258857772039,215.0,0
112,2046.258857772039,217.0,0
113,2046.258857772039,219.0,0
114,2046.258857772039,221.0,0
115,2043.7776870228352,223.0,0
116,2043.7776870228352,225.0,0
117,2043.7776870228352,226.0,0
118,2043.7776870228352,228.0,0
119,2043.7776870228352,230.0,0
120,2037.5194765654098,232.0,0
121,2037.5194765654098,234.0,0
122,2037.5194765654098,236.0,0
123,2037.5194765654098,238.0,0
124,2037.5194765654098,240.0,0
125,2029.146191123676,242.0,0
126,2029.146191123676,244.0,0
127,2029.146191123676,246.0,0
128,2029.146191123676,248.0,0
129,2029.146191123676,250.0,0
130,2025.9556324069836,252.0,0
131,2025.9556324069836,254.0,0
132,2025.9556324069836,256.0,0
133,2025.9556324069836,258.0,0
134,2025.9556324069836,260.0,0
135,2016.0964237730686,262.0,0
136,2016.0964237730686,264.0,0
137,2016.0964237730686,266.0,0
138,2016.0964237730686,268.0,0
139,2016.0964237730686,270.0,0
140,2002.9990649063752,272.0,0
141,2002.9990649063752,274.0,0
142,2002.9990649063752,276.0,0
143,2002.9990649063752,278.0,0
144,2002.9990649063752,280.0,0
145,1982.5280274293254,282.0,0
146,1982.5280274293254,284.0,0
147,1982.5280274293254,285.0,0
148,1982.5280274293254,286.0,0
149,1982.5280274293254,287.0,0
150,1970.4361867469952,288.0,0
151,1970.4361867469952,289.0,0
152,1970.4361867469952,290.0,0
153,1970.4361867469952,291.0,0
154,1970.4361867469952,292.0,0
155,1955.721242307159,293.0,0
156,1955.721242307159,295.0,0
157,1955.721242307159,297.0,0
158,1955.721242307159,299.0,0
159,1955.721242307159,301.0,0
160,1947.362329643012,303.0,0
161,1947.362329643012,305.0,0
162,1947.362329643012,307.0,0
163,1947.362329643012,309.0,0
164,1947.362329643012,311.0,0
165,1933.7985751366045,313.0,0
166,1933.7985751366045,315.0,0
167,1933.7985751366045,317.0,0
168,1933.7985751366045,319.0,0
169,1933.7985751366045,321.0,0
170,1929.68154637759,323.0,0
171,1929.68154637759,325.0,0
172,1929.68154637759,327.0,0
173,1929.68154637759,329.0,0
174,1929.68154637759,331.0,0
175,1925.1471261876973,333.0,0
176,1925.1471261876973,335.0,0
177,1925.1471261876973,337.0,0
178,1925.1471261876973,339.0,0
179,1925.1471261876973,341.0,0
180,1920.8885025730285,343.0,0
181,1920.8885025730285,345.0,0
182,1920.8885025730285,347.0,0
183,1920.8885025730285,349.0,0
184,1920.8885025730285,351.0,0
185,1922.0597048663951,353.0,0
186,1922.0597048663951,355.0,0
187,1922.0597048663951,357.0,0
188,1922.0597048663951,359.0,0
189,1922.0597048663951,361.0,0
190,1919.9521177077095,363.0,0
191,1919.9521177077095,365.0,0
192,1919.9521177077095,366.0,0
193,1919.9521177077095,368.0,0
194,1919.9521177077095,370.0,0
195,1919.5862826643984,372.0,0
196,1919.5862826643984,374.0,0
197,1919.5862826643984,376.0,0
198,1919.5862826643984,377.0,0
199,1919.5862826643984,379.0,0
200,1917.460814447096,381.0,0
201,1917.460814447096,383.0,0
202,1917.460814447096,385.0,0
203,1917.460814447096,387.0,0
204,1917.460814447096,389.0,0
205,1912.045322506913,391.0,0
206,1912.045322506913,393.0,0
207,1912.045322506913,395.0,0
208,1912.045322506913,397.0,0
209,1912.045322506913,399.0,0
210,1906.9421876805714,401.0,0
211,1906.9421876805714,403.0,0
212,1906.9421876805714,405.0,0
213,1906.9421876805714,407.0,0
214,1906.9421876805714,409.0,0
215,1904.5954543766823,411.0,0
216,1904.5954543766823,413.0,0
217,1904.5954543766823,415.0,0
218,1904.5954543766823,417.0,0
219,1904.5954543766823,419.0,0
220,1895.8048102336916,421.0,0
221,1895.8048102336916,423.0,0
222,1895.8048102336916,425.0,0
223,1895.8048102336916,427.0,0
224,1895.8048102336916,429.0,0
225,1895.281012956636,431.0,0
226,1895.281012956636,433.0,0
227,1895.281012956636,435.0,0
228,1895.281012956636,437.0,0
229,1895.281012956636,439.0,0
230,1889.6068935935664,441.0,0
231,1889.6068935935664,443.0,0
232,1889.6068935935664,445.0,0
233,1889.6068935935664,447.0,0
234,1889.6068935935664,449.0,0
235,1885.4872551236072,451.0,0
236,1885.4872551236072,453.0,0
237,1885.4872551236072,455.0,0
238,1885.4872551236072,457.0,0
239,1885.4872551236072,459.0,0
240,1881.0767957682478,461.0,0
241,1881.0767957682478,463.0,0
242,1881.0767957682478,465.0,0
243,1881.0767957682478,467.0,0
244,1881.0767957682478,469.0,0
245,1881.299404201664,471.0,0
246,1881.299404201664,473.0,0
247,1881.299404201664,475.0,0
248,1881.299404201664,477.0,0
249,1881.299404201664,479.0,0
250,1873.0902748658973,481.0,0
251,1873.0902748658973,483.0,0
252,1873.0902748658973,485.0,0
253,1873.0902748658973,487.0,0
254,1873.0902748658973,489.0,0
255,1870.9260706198002,491.0,0
256,1870.9260706198002,493.0,0
257,1870.9260706198002,495.0,0
258,1870.9260706198002,497.0,0
259,1870.9260706198002,499.0,0
260,1864.1946650453958,501.0,0
261,1864.1946650453958,503.0,0
262,1864.1946650453958,505.0,0
263,1864.1946650453958,507.0,0
264,1864.1946650453958,509.0,0
265,1862.7630811054946,511.0,0
266,1862.7630811054946,513.0,0
267,1862.7630811054946,515.0,0
268,1862.7630811054946,517.0,0
269,1862.7630811054946,519.0,0
270,1864.0134973068511,521.0,0
271,1864.0134973068511,523.0,0
272,1864.0134973068511,525.0,0
273,1864.0134973068511,527.0,0
274,1864.0134973068511,529.0,0
275,1862.6805092756335,531.0,0
276,1862.6805092756335,532.0,0
277,1862.6805092756335,534.0,0
278,1862.6805092756335,536.0,0
279,1862.6805092756335,538.0,0
280,1864.4839589422718,540.0,0
281,1864.4839589422718,542.0,0
282,1864.4839589422718,544.0,0
283,1864.4839589422718,545.0,0
284,1864.4839589422718,546.0,0
285,1860.2255625373539,548.0,0
286,1860.2255625373539,548.0,0
287,1860.2255625373539,549.0,0
288,1860.2255625373539,550.0,0
289,1860.2255625373539,552.0,0
290,1853.9447583832061,554.0,0
291,1853.9447583832061,556.0,0
292,1853.9447583832061,558.0,0
293,1853.9447583832061,560.0,0
294,1853.9447583832061,562.0,0
295,1848.7090902421014,564.0,0
296,1848.7090902421014,566.0,0
297,1848.7090902421014,566.0,0
298,1848.7090902421014,566.0,0
299,1848.7090902421014,566.0,0
0,2410.1530387303783,0.0,1
1,2410.1530387303783,0.0,1
2,2410.1530387303783,1.0,1
3,2410.1530387303783,2.0,1
4,2410.1530387303783,4.0,1
5,2348.163855126142,6.0,1
6,2348.163855126142,8.0,1
7,2348.163855126142,10.0,1
8,2348.163855126142,12.0,1
9,2348.163855126142,14.0,1
10,2319.0530504294097,16.0,1
11,2319.0530504294097,18.0,1
12,2319.0530504294097,20.0,1
13,2319.0530504294097,22.0,1
14,2319.0530504294097,24.0,1
15,2308.5593364921097,26.0,1
16,2308.5593364921097,28.0,1
17,2308.5593364921097,30.0,1
18,2308.5593364921097,32.0,1
19,2308.5593364921097,34.0,1
20,2296.0061152578646,36.0,1
21,2296.0061152578646,38.0,1
22,2296.0061152578646,39.0,1
23,2296.0061152578646,40.0,1
24,2296.0061152578646,42.0,1
25,2282.996706460743,44.0,1
26,2282.996706460743,46.0,1
27,2282.996706460743,48.0,1
28,2282.996706460743,50.0,1
29,2282.996706460743,52.0,1
30,2266.200836732981,53.0,1
31,2266.200836732981,54.0,1
32,2266.200836732981,55.0,1
33,2266.200836732981,56.0,1
34,2266.200836732981,57.0,1
35,2257.9240608013206,58.0,1
36,2257.9240608013206,59.0,1
37,2257.9240608013206,60.0,1
38,2257.9240608013206,62.0,1
39,2257.9240608013206,64.0,1
40,2253.931972952584,66.0,1
41,2253.931972952584,68.0,1
42,2253.931972952584,70.0,1
43,2253.931972952584,72.0,1
44,2253.931972952584,74.0,1
45,2242.5305071575476,76.0,1
46,2242.5305071575476,78.0,1
47,2242.5305071575476,80.0,1
48,2242.5305071575476,82.0,1
49,2242.5305071575476,84.0,1
50,2230.9815705446717,86.0,1
51,2230.9815705446717,88.0,1
52,2230.9815705446717,90.0,1
53,2230.9815705446717,92.0,1
54,2230.9815705446717,94.0,1
55,2220.328625100837,95.0,1
56,2220.328625100837,97.0,1
57,2220.328625100837,99.0,1
58,2220.328625100837,101.0,1
59,2220.328625100837,103.0,1
60,2197.1455061776887,105.0,1
61,2197.1455061776887,107.0,1
62,2197.1455061776887,109.0,1
63,2197.1455061776887,111.0,1
64,2197.1455061776887,113.0,1
65,2175.108380835821,115.0,1
66,2175.108380835821,117.0,1
67,2175.108380835821,119.0,1
68,2175.108380835821,121.0,1
69,2175.108380835821,123.0,1
70,2166.182229166198,125.0,1
71,2166.182229166198,127.0,1
72,2166.182229166198,129.0,1
73,2166.182229166198,131.0,1
74,2166.182229166198,133.0,1
75,2155.9610691044018,135.0,1
76,2155.9610691044018,137.0,1
77,2155.9610691044018,139.0,1
78,2155.9610691044018,141.0,1
79,2155.9610691044018,143.0,1
80,2146.6744601741957,145.0,1
81,2146.6744601741957,147.0,1
82,2146.6744601741957,149.0,1
83,2146.6744601741957,151.0,1
84,2146.6744601741957,153.0,1
85,2141.5003538515252,155.0,1
86,2141.5003538515252,157.0,1
87,2141.5003538515252,159.0,1
88,2141.5003538515252,161.0,1
89,2141.5003538515252,163.0,1
90,2133.8760280459946,165.0,1
91,2133.8760280459946,167.0,1
92,2133.8760280459946,169.0,1
93,2133.8760280459946,171.0,1
94,2133.8760280459946,173.0,1
95,2115.854566558607,175.0,1
96,2115.854566558607,177.0,1
97,2115.854566558607,179.0,1
98,2115.854566558607,181.0,1
99,2115.854566558607,183.0,1
100,2099.31168660044,184.0,1
101,2099.31168660044,186.0,1
102,2099.31168660044,188.0,1
103,2099.31168660044,190.0,1
104,2099.31168660044,192.0,1
105,2084.8851172430213,194.0,1
106,2084.8851172430213,196.0,1
107,2084.8851172430213,198.0,1
108,2084.8851172430213,200.0,1
109,2084.8851172430213,202.0,1
110,2080.0346791725296,204.0,1
111,2080.0346791725296,206.0,1
112,2080.0346791725296,208.0,1
113,2080.0346791725296,210.0,1
114,2080.0346791725296,211.0,1
115,2060.0772978985724,212.0,1
116,2060.0772978985724,213.0,1
117,2060.0772978985724,214.0,1
118,2060.0772978985724,215.0,1
119,2060.0772978985724,216.0,1
120,2045.2414453034767,217.0,1
121,2045.2414453034767,219.0,1
122,2045.2414453034767,221.0,1
123,2045.2414453034767,223.0,1
124,2045.2414453034767,225.0,1
125,2025.853165265551,227.0,1
126,2025.853165265551,229.0,1
127,2025.853165265551,231.0,1
128,2025.853165265551,233.0,1
129,2025.853165265551,235.0,1
130,2015.475119284697,237.0,1
131,2015.475119284697,239.0,1
132,2015.475119284697,241.0,1
133,2015.475119284697,243.0,1
134,2015.475119284697,245.0,1
135,2008.0921035400497,247.0,1
136,2008.0921035400497,249.0,1
137,2008.0921035400497,251.0,1
138,2008.0921035400497,253.0,1
139,2008.0921035400497,255.0,1
140,2002.7441140183328,257.0,1
141,2002.7441140183328,258.0,1
142,2002.7441140183328,259.0,1
143,2002.7441140183328,260.0,1
144,2002.7441140183328,261.0,1
145,1992.7371752570555,262.0,1
146,1992.7371752570555,263.0,1
147,1992.7371752570555,264.0,1
148,1992.7371752570555,265.0,1
149,1992.7371752570555,266.0,1
150,1988.6750331990536,267.0,1
151,1988.6750331990536,268.0,1
152,1988.6750331990536,269.0,1
153,1988.6750331990536,270.0,1
154,1988.6750331990536,271.0,1
155,1984.57555562063,272.0,1
156,1984.57555562063,273.0,1
157,1984.57555562063,274.0,1
158,1984.57555562063,275.0,1
159,1984.57555562063,276.0,1
160,1977.9710238031385,277.0,1
161,1977.9710238031385,278.0,1
162,1977.9710238031385,279.0,1
163,1977.9710238031385,281.0,1
164,1977.9710238031385,283.0,1
165,1972.0340164299055,285.0,1
166,1972.0340164299055,287.0,1
167,1972.0340164299055,289.0,1
168,1972.0340164299055,291.0,1
169,1972.0340164299055,293.0,1
170,1967.9767097656495,295.0,1
171,1967.9767097656495,297.0,1
172,1967.9767097656495,299.0,1
173,1967.9767097656495,301.0,1
174,1967.9767097656495,303.0,1
175,1962.9232661834935,305.0,1
176,1962.9232661834935,307.0,1
177,1962.9232661834935,309.0,1
178,1962.9232661834935,311.0,1
179,1962.9232661834935,313.0,1
180,1955.5581669886428,315.0,1
181,1955.5581669886428,317.0,1
182,1955.5581669886428,318.0,1
183,1955.5581669886428,319.0,1
184,1955.5581669886428,320.0,1
185,1946.3049524552202,321.0,1
186,1946.3049524552202,322.0,1
187,1946.3049524552202,323.0,1
188,1946.3049524552202,324.0,1
189,1946.3049524552202,325.0,1
190,1938.092531175342,326.0,1
191,1938.092531175342,327.0,1
192,1938.092531175342,328.0,1
193,1938.092531175342,329.0,1
194,1938.092531175342,330.0,1
195,1929.492230934652,331.0,1
196,1929.492230934652,332.0,1
197,1929.492230934652,333.0,1
198,1929.492230934652,334.0,1
199,1929.492230934652,335.0,1
200,1922.764732927579,336.0,1
201,1922.764732927579,337.0,1
202,1922.764732927579,338.0,1
203,1922.764732927579,338.0,1
204,1922.764732927579,338.0,1
205,1915.3357593296787,340.0,1
206,1915.3357593296787,342.0,1
207,1915.3357593296787,342.0,1
208,1915.3357593296787,342.0,1
209,1915.3357593296787,343.0,1
210,1906.5054426735878,344.0,1
211,1906.5054426735878,344.0,1
212,1906.5054426735878,344.0,1
213,1906.5054426735878,344.0,1
214,1906.5054426735878,344.0,1
215,1898.8605208400268,344.0,1
216,1898.8605208400268,344.0,1
217,1898.8605208400268,344.0,1
218,1898.8605208400268,345.0,1
219,1898.8605208400268,346.0,1
220,1894.8276720193471,347.0,1
221,1894.8276720193471,348.0,1
222,1894.8276720193471,349.0,1
223,1894.8276720193471,350.0,1
224,1894.8276720193471,351.0,1
225,1896.9073824942618,352.0,1
226,1896.9073824942618,354.0,1
227,1896.9073824942618,356.0,1
228,1896.9073824942618,357.0,1
229,1896.9073824942618,358.0,1
230,1892.8986779301422,359.0,1
231,1892.8986779301422,360.0,1
232,1892.8986779301422,361.0,1
233,1892.8986779301422,362.0,1
234,1892.8986779301422,364.0,1
235,1886.0632697043382,366.0,1
236,1886.0632697043382,368.0,1
237,1886.0632697043382,370.0,1
238,1886.0632697043382,372.0,1
239,1886.0632697043382,374.0,1
240,1881.7659802124517,376.0,1
241,1881.7659802124517,377.0,1
242,1881.7659802124517,378.0,1
243,1881.7659802124517,380.0,1
244,1881.7659802124517,382.0,1
245,1874.1823110629236,384.0,1
246,1874.1823110629236,386.0,1
247,1874.1823110629236,388.0,1
248,1874.1823110629236,390.0,1
249,1874.1823110629236,392.0,1
250,1874.826748399802,394.0,1
251,1874.826748399802,396.0,1
252,1874.826748399802,398.0,1
253,1874.826748399802,400.0,1
254,1874.826748399802,402.0,1
255,1875.2194739059757,404.0,1
256,1875.2194739059757,406.0,1
257,1875.2194739059757,408.0,1
258,1875.2194739059757,410.0,1
259,1875.2194739059757,412.0,1
260,1874.4720435117497,414.0,1
261,1874.4720435117497,416.0,1
262,1874.4720435117497,418.0,1
263,1874.4720435117497,420.0,1
264,1874.4720435117497,422.0,1
265,1875.4292687181544,424.0,1
266,1875.4292687181544,426.0,1
267,1875.4292687181544,428.0,1
268,1875.4292687181544,430.0,1
269,1875.4292687181544,431.0,1
270,1874.278953623877,432.0,1
271,1874.278953623877,432.0,1
272,1874.278953623877,432.0,1
273,1874.278953623877,433.0,1
274,1874.278953623877,434.0,1
275,1873.0025707395898,435.0,1
276,1873.0025707395898,436.0,1
277,1873.0025707395898,437.0,1
278,1873.0025707395898,438.0,1
279,1873.0025707395898,439.0,1
280,1876.0584794423403,440.0,1
281,1876.0584794423403,440.0,1
282,1876.0584794423403,440.0,1
283,1876.0584794423403,441.0,1
284,1876.0584794423403,442.0,1
285,1877.0637798212554,443.0,1
286,1877.0637798212554,444.0,1
287,1877.0637798212554,445.0,1
288,1877.0637798212554,446.0,1
289,1877.0637798212554,447.0,1
290,1874.77248816576,449.0,1
291,1874.77248816576,451.0,1
292,1874.77248816576,453.0,1
293,1874.77248816576,455.0,1
294,1874.77248816576,456.0,1
295,1876.437230368866,457.0,1
296,1876.437230368866,458.0,1
297,1876.437230368866,459.0,1
298,1876.437230368866,460.0,1
299,1876.437230368866,461.0,1
0,2410.1530387303783,0.0,2
1,2410.1530387303783,0.0,2
2,2410.1530387303783,0.0,2
3,2410.1530387303783,1.0,2
4,2410.1530387303783,3.0,2
5,2353.7235365428155,5.0,2
6,2353.7235365428155,7.0,2
7,2353.7235365428155,9.0,2
8,2353.7235365428155,11.0,2
9,2353.7235365428155,13.0,2
10,2329.750285717013,15.0,2
11,2329.750285717013,17.0,2
12,2329.750285717013,19.0,2
13,2329.750285717013,21.0,2
14,2329.750285717013,23.0,2
15,2312.8409466884264,25.0,2
16,2312.8409466884264,27.0,2
17,2312.8409466884264,29.0,2
18,2312.8409466884264,31.0,2
19,2312.8409466884264,33.0,2
20,2301.185984068117,35.0,2
21,2301.185984068117,37.0,2
22,2301.185984068117,39.0,2
23,2301.185984068117,41.0,2
24,2301.185984068117,43.0,2
25,2287.6028939349435,45.0,2
26,2287.6028939349435,47.0,2
27,2287.6028939349435,49.0,2
28,2287.6028939349435,51.0,2
29,2287.6028939349435,53.0,2
30,2266.694560481538,55.0,2
31,2266.694560481538,57.0,2
32,2266.694560481538,59.0,2
33,2266.694560481538,61.0,2
34,2266.694560481538,63.0,2
35,2251.59759598764,65.0,2
36,2251.59759598764,67.0,2
37,2251.59759598764,69.0,2
38,2251.59759598764,71.0,2
39,2251.59759598764,73.0,2
40,2217.2861840162254,75.0,2
41,2217.2861840162254,77.0,2
42,2217.2861840162254,79.0,2
43,2217.2861840162254,81.0,2
44,2217.2861840162254,83.0,2
45,2193.8453096835474,85.0,2
46,2193.8453096835474,87.0,2
47,2193.8453096835474,89.0,2
48,2193.8453096835474,91.0,2
49,2193.8453096835474,93.0,2
50,2184.3630608181747,95.0,2
51,2184.3630608181747,97.0,2
52,2184.3630608181747,99.0,2
53,2184.3630608181747,101.0,2
54,2184.3630608181747,103.0,2
55,2177.679397400801,105.0,2
56,2177.679397400801,107.0,2
57,2177.679397400801,109.0,2
58,2177.679397400801,111.0,2
59,2177.679397400801,113.0,2
60,2165.8940697532325,115.0,2
61,2165.8940697532325,117.0,2
62,2165.8940697532325,119.0,2
63,2165.8940697532325,121.0,2
64,2165.8940697532325,123.0,2
65,2161.2251183451813,125.0,2
66,2161.2251183451813,127.0,2
67,2161.2251183451813,129.0,2
68,2161.2251183451813,131.0,2
69,2161.2251183451813,133.0,2
70,2146.2272030258396,135.0,2
71,2146.2272030258396,137.0,2
72,2146.2272030258396,139.0,2
73,2146.2272030258396,141.0,2
74,2146.2272030258396,143.0,2
75,2135.8759718715837,145.0,2
76,2135.8759718715837,147.0,2
77,2135.8759718715837,149.0,2
78,2135.8759718715837,151.0,2
79,2135.8759718715837,153.0,2
80,2115.383570774996,155.0,2
81,2115.383570774996,157.0,2
82,2115.383570774996,159.0,2
83,2115.383570774996,161.0,2
84,2115.383570774996,163.0,2
85,2087.7724818741117,165.0,2
86,2087.7724818741117,167.0,2
87,2087.7724818741117,169.0,2
88,2087.7724818741117,171.0,2
89,2087.7724818741117,173.0,2
90,2073.3014932074575,175.0,2
91,2073.3014932074575,177.0,2
92,2073.3014932074575,179.0,2
93,2073.3014932074575,181.0,2
94,2073.3014932074575,183.0,2
95,2060.605590120877,185.0,2
96,2060.605590120877,187.0,2
97,2060.605590120877,189.0,2
98,2060.605590120877,191.0,2
99,2060.605590120877,193.0,2
100,2055.6014720795597,195.0,2
101,2055.6014720795597,197.0,2
102,2055.6014720795597,199.0,2
103,2055.6014720795597,201.0,2
104,2055.6014720795597,203.0,2
105,2049.448041921176,205.0,2
106,2049.448041921176,207.0,2
107,2049.448041921176,209.0,2
108,2049.448041921176,211.0,2
109,2049.448041921176,213.0,2
110,2040.2348552217804,215.0,2
111,2040.2348552217804,217.0,2
112,2040.2348552217804,219.0,2
113,2040.2348552217804,221.0,2
114,2040.2348552217804,223.0,2
115,2023.6821528911285,225.0,2
116,2023.6821528911285,227.0,2
117,2023.6821528911285,229.0,2
118,2023.6821528911285,231.0,2
119,2023.6821528911285,233.0,2
120,2007.4874400417536,235.0,2
121,2007.4874400417536,237.0,2
122,2007.4874400417536,238.0,2
123,2007.4874400417536,239.0,2
124,2007.4874400417536,240.0,2
125,1978.436491351395,241.0,2
126,1978.436491351395,242.0,2
127,1978.436491351395,243.0,2
128,1978.436491351395,244.0,2
129,1978.436491351395,245.0,2
130,1967.6451215126149,247.0,2
131,1967.6451215126149,249.0,2
132,1967.6451215126149,251.0,2
133,1967.6451215126149,253.0,2
134,1967.6451215126149,255.0,2
135,1953.6970208202124,257.0,2
136,1953.6970208202124,259.0,2
137,1953.6970208202124,261.0,2
138,1953.6970208202124,263.0,2
139,1953.6970208202124,265.0,2
140,1950.9816963993217,267.0,2
141,1950.9816963993217,269.0,2
142,1950.9816963993217,271.0,2
143,1950.9816963993217,273.0,2
144,1950.9816963993217,275.0,2
145,1944.4187990318378,277.0,2
146,1944.4187990318378,279.0,2
147,1944.4187990318378,281.0,2
148,1944.4187990318378,283.0,2
149,1944.4187990318378,285.0,2
150,1939.148413752157,287.0,2
151,1939.148413752157,288.0,2
152,1939.148413752157,289.0,2
153,1939.148413752157,290.0,2
154,1939.148413752157,291.0,2
155,1934.1139709206336,293.0,2
156,1934.1139709206336,295.0,2
157,1934.1139709206336,297.0,2
158,1934.1139709206336,299.0,2
159,1934.1139709206336,301.0,2
160,1928.9005431743349,303.0,2
161,1928.9005431743349,305.0,2
162,1928.9005431743349,307.0,2
163,1928.9005431743349,309.0,2
164,1928.9005431743349,311.0,2
165,1926.783307073219,313.0,2
166,1926.783307073219,315.0,2
167,1926.783307073219,317.0,2
168,1926.783307073219,319.0,2
169,1926.783307073219,321.0,2
170,1924.8751054153563,323.0,2
171,1924.8751054153563,325.0,2
172,1924.8751054153563,327.0,2
173,1924.8751054153563,329.0,2
174,1924.8751054153563,331.0,2
175,1924.3774943068508,333.0,2
176,1924.3774943068508,335.0,2
177,1924.3774943068508,337.0,2
178,1924.3774943068508,339.0,2
179,1924.3774943068508,341.0,2
180,1921.000890686142,343.0,2
181,1921.000890686142,345.0,2
182,1921.000890686142,347.0,2
183,1921.000890686142,349.0,2
184,1921.000890686142,351.0,2
185,1917.5194913527705,353.0,2
186,1917.5194913527705,355.0,2
187,1917.5194913527705,357.0,2
188,1917.5194913527705,359.0,2
189,1917.5194913527705,361.0,2
190,1912.6071781288565,363.0,2
191,1912.6071781288565,365.0,2
192,1912.6071781288565,367.0,2
193,1912.6071781288565,369.0,2
194,1912.6071781288565,371.0,2
195,1916.9189483932955,373.0,2
196,1916.9189483932955,375.0,2
197,1916.9189483932955,377.0,2
198,1916.9189483932955,379.0,2
199,1916.9189483932955,380.0,2
200,1916.9304626793842,381.0,2
201,1916.9304626793842,382.0,2
202,1916.9304626793842,382.0,2
203,1916.9304626793842,382.0,2
204,1916.9304626793842,383.0,2
205,1911.3588360048939,384.0,2
206,1911.3588360048939,385.0,2
207,1911.3588360048939,386.0,2
208,1911.3588360048939,388.0,2
209,1911.3588360048939,390.0,2
210,1908.6667510459133,392.0,2
211,1908.6667510459133,394.0,2
212,1908.6667510459133,396.0,2
213,1908.6667510459133,397.0,2
214,1908.6667510459133,398.0,2
215,1902.701724006539,399.0,2
216,1902.701724006539,400.0,2
217,1902.701724006539,401.0,2
218,1902.701724006539,402.0,2
219,1902.701724006539,403.0,2
220,1898.2499506955253,404.0,2
221,1898.2499506955253,405.0,2
222,1898.2499506955253,406.0,2
223,1898.2499506955253,407.0,2
224,1898.2499506955253,409.0,2
225,1894.5116684844156,411.0,2
226,1894.5116684844156,413.0,2
227,1894.5116684844156,414.0,2
228,1894.5116684844156,416.0,2
229,1894.5116684844156,418.0,2
230,1895.0856952064833,420.0,2
231,1895.0856952064833,422.0,2
232,1895.0856952064833,424.0,2
233,1895.0856952064833,426.0,2
234,1895.0856952064833,427.0,2
235,1892.4423265308214,429.0,2
236,1892.4423265308214,431.0,2
237,1892.4423265308214,433.0,2
238,1892.4423265308214,435.0,2
239,1892.4423265308214,437.0,2
240,1890.862230770899,439.0,2
241,1890.862230770899,441.0,2
242,1890.862230770899,443.0,2
243,1890.862230770899,445.0,2
244,1890.862230770899,447.0,2
245,1888.5150996966881,449.0,2
246,1888.5150996966881,451.0,2
247,1888.5150996966881,453.0,2
248,1888.5150996966881,455.0,2
249,1888.5150996966881,457.0,2
250,1885.5918583387488,459.0,2
251,1885.5918583387488,461.0,2
252,1885.5918583387488,463.0,2
253,1885.5918583387488,465.0,2
254,1885.5918583387488,467.0,2
255,1881.1447475926118,469.0,2
256,1881.1447475926118,471.0,2
257,1881.1447475926118,473.0,2
258,1881.1447475926118,475.0,2
259,1881.1447475926118,477.0,2
260,1872.8410031401222,479.0,2
261,1872.8410031401222,481.0,2
262,1872.8410031401222,483.0,2
263,1872.8410031401222,485.0,2
264,1872.8410031401222,487.0,2
265,1864.8325383976667,489.0,2
266,1864.8325383976667,491.0,2
267,1864.8325383976667,493.0,2
268,1864.8325383976667,495.0,2
269,1864.8325383976667,497.0,2
270,1856.0925099955266,499.0,2
271,1856.0925099955266,501.0,2
272,1856.0925099955266,503.0,2
273,1856.0925099955266,505.0,2
274,1856.0925099955266,507.0,2
275,1856.480237399264,509.0,2
276,1856.480237399264,511.0,2
277,1856.480237399264,513.0,2
278,1856.480237399264,515.0,2
279,1856.480237399264,517.0,2
280,1854.5235765425266,519.0,2
281,1854.5235765425266,521.0,2
282,1854.5235765425266,523.0,2
283,1854.5235765425266,525.0,2
284,1854.5235765425266,527.0,2
285,1853.9028100115747,529.0,2
286,1853.9028100115747,531.0,2
287,1853.9028100115747,533.0,2
288,1853.9028100115747,535.0,2
289,1853.9028100115747,537.0,2
290,1855.1646548498807,539.0,2
291,1855.1646548498807,541.0,2
292,1855.1646548498807,543.0,2
293,1855.1646548498807,545.0,2
294,1855.1646548498807,546.0,2
295,1849.0242912743802,546.0,2
296,1849.0242912743802,547.0,2
297,1849.0242912743802,548.0,2
298,1849.0242912743802,549.0,2
299,1849.0242912743802,550.0,2
0,2410.1530387303783,0.0,3
1,2410.1530387303783,0.0,3
2,2410.1530387303783,1.0,3
3,2410.1530387303783,2.0,3
4,2410.1530387303783,4.0,3
5,2350.0928903518675,6.0,3
6,2350.0928903518675,8.0,3
7,2350.0928903518675,10.0,3
8,2350.0928903518675,12.0,3
9,2350.0928903518675,14.0,3
10,2320.966332492676,16.0,3
11,2320.966332492676,18.0,3
12,2320.966332492676,20.0,3
13,2320.966332492676,22.0,3
14,2320.966332492676,24.0,3
15,2291.5115836671757,26.0,3
16,2291.5115836671757,28.0,3
17,2291.5115836671757,30.0,3
18,2291.5115836671757,32.0,3
19,2291.5115836671757,34.0,3
20,2269.9858496653196,36.0,3
21,2269.9858496653196,38.0,3
22,2269.9858496653196,40.0,3
23,2269.9858496653196,42.0,3
24,2269.9858496653196,44.0,3
25,2260.547676227787,46.0,3
26,2260.547676227787,48.0,3
27,2260.547676227787,50.0,3
28,2260.547676227787,52.0,3
29,2260.547676227787,54.0,3
30,2246.6797921311163,56.0,3
31,2246.6797921311163,58.0,3
32,2246.6797921311163,60.0,3
33,2246.6797921311163,62.0,3
34,2246.6797921311163,64.0,3
35,2231.390389739828,66.0,3
36,2231.390389739828,68.0,3
37,2231.390389739828,70.0,3
38,2231.390389739828,72.0,3
39,2231.390389739828,74.0,3
40,2211.6105733459053,76.0,3
41,2211.6105733459053,78.0,3
42,2211.6105733459053,80.0,3
43,2211.6105733459053,82.0,3
44,2211.6105733459053,84.0,3
45,2190.193270828129,86.0,3
46,2190.193270828129,88.0,3
47,2190.193270828129,90.0,3
48,2190.193270828129,92.0,3
49,2190.193270828129,94.0,3
50,2168.217319910465,96.0,3
51,2168.217319910465,98.0,3
52,2168.217319910465,100.0,3
53,2168.217319910465,102.0,3
54,2168.217319910465,104.0,3
55,2145.5504893422826,106.0,3
56,2145.5504893422826,108.0,3
57,2145.5504893422826,110.0,3
58,2145.5504893422826,112.0,3
59,2145.5504893422826,114.0,3
60,2134.2772394762205,116.0,3
61,2134.2772394762205,118.0,3
62,2134.2772394762205,120.0,3
63,2134.2772394762205,122.0,3
64,2134.2772394762205,124.0,3
65,2122.0293799931533,126.0,3
66,2122.0293799931533,128.0,3
67,2122.0293799931533,130.0,3
68,2122.0293799931533,132.0,3
69,2122.0293799931533,134.0,3
70,2104.4176191073316,136.0,3
71,2104.4176191073316,138.0,3
72,2104.4176191073316,140.0,3
73,2104.4176191073316,142.0,3
74,2104.4176191073316,144.0,3
75,2094.5368203117905,146.0,3
76,2094.5368203117905,148.0,3
77,2094.5368203117905,150.0,3
78,2094.5368203117905,152.0,3
79,2094.5368203117905,154.0,3
80,2089.901600933564,156.0,3
81,2089.901600933564,158.0,3
82,2089.901600933564,160.0,3
83,2089.901600933564,162.0,3
84,2089.901600933564,164.0,3
85,2084.9071539008473,166.0,3
86,2084.9071539008473,168.0,3
87,2084.9071539008473,170.0,3
88,2084.9071539008473,172.0,3
89,2084.9071539008473,174.0,3
90,2076.499439135998,176.0,3
91,2076.499439135998,178.0,3
92,2076.499439135998,180.0,3
93,2076.499439135998,182.0,3
94,2076.499439135998,184.0,3
95,2073.5648027826282,186.0,3
96,2073.5648027826282,188.0,3
97,2073.5648027826282,190.0,3
98,2073.5648027826282,192.0,3
99,2073.5648027826282,194.0,3
100,2069.8497304714306,196.0,3
101,2069.8497304714306,198.0,3
102,2069.8497304714306,200.0,3
103,2069.8497304714306,202.0,3
104,2069.8497304714306,204.0,3
105,2063.5528329282324,206.0,3
106,2063.5528329282324,208.0,3
107,2063.5528329282324,210.0,3
108,2063.5528329282324,212.0,3
109,2063.5528329282324,214.0,3
110,2056.067211455728,216.0,3
111,2056.067211455728,218.0,3
112,2056.067211455728,220.0,3
113,2056.067211455728,222.0,3
114,2056.067211455728,224.0,3
115,2043.752044314905,226.0,3
116,2043.752044314905,228.0,3
117,2043.752044314905,230.0,3
118,2043.752044314905,232.0,3
119,2043.752044314905,234.0,3
120,2030.6675551880471,236.0,3
121,2030.6675551880471,238.0,3
122,2030.6675551880471,239.0,3
123,2030.6675551880471,240.0,3
124,2030.6675551880471,242.0,3
125,2025.6002281353606,244.0,3
126,2025.6002281353606,246.0,3
127,2025.6002281353606,248.0,3
128,2025.6002281353606,250.0,3
129,2025.6002281353606,252.0,3
130,2019.3116958274363,253.0,3
131,2019.3116958274363,254.0,3
132,2019.3116958274363,255.0,3
133,2019.3116958274363,256.0,3
134,2019.3116958274363,257.0,3
135,2013.3152345697017,258.0,3
136,2013.3152345697017,260.0,3
137,2013.3152345697017,262.0,3
138,2013.3152345697017,264.0,3
139,2013.3152345697017,266.0,3
140,2010.9888316022875,268.0,3
141,2010.9888316022875,270.0,3
142,2010.9888316022875,272.0,3
143,2010.9888316022875,274.0,3
144,2010.9888316022875,276.0,3
145,2005.4699536457604,278.0,3
146,2005.4699536457604,280.0,3
147,2005.4699536457604,282.0,3
148,2005.4699536457604,284.0,3
149,2005.4699536457604,286.0,3
150,1997.6296061208923,288.0,3
151,1997.6296061208923,290.0,3
152,1997.6296061208923,292.0,3
153,1997.6296061208923,294.0,3
154,1997.6296061208923,296.0,3
155,1995.3507113500782,298.0,3
156,1995.3507113500782,300.0,3
157,1995.3507113500782,302.0,3
158,1995.3507113500782,303.0,3
159,1995.3507113500782,304.0,3
160,1993.1191782039195,305.0,3
161,1993.1191782039195,307.0,3
162,1993.1191782039195,309.0,3
163,1993.1191782039195,311.0,3
164,1993.1191782039195,313.0,3
165,1973.953623890181,315.0,3
166,1973.953623890181,317.0,3
167,1973.953623890181,319.0,3
168,1973.953623890181,321.0,3
169,1973.953623890181,323.0,3
170,1969.9972430707103,325.0,3
171,1969.9972430707103,327.0,3
172,1969.9972430707103,329.0,3
173,1969.9972430707103,331.0,3
174,1969.9972430707103,333.0,3
175,1964.6226101848565,335.0,3
176,1964.6226101848565,337.0,3
177,1964.6226101848565,339.0,3
178,1964.6226101848565,341.0,3
179,1964.6226101848565,343.0,3
180,1962.337862389762,345.0,3
181,1962.337862389762,347.0,3
182,1962.337862389762,349.0,3
183,1962.337862389762,351.0,3
184,1962.337862389762,353.0,3
185,1958.8921585576722,355.0,3
186,1958.8921585576722,357.0,3
187,1958.8921585576722,359.0,3
188,1958.8921585576722,361.0,3
189,1958.8921585576722,363.0,3
190,1956.8831457748422,365.0,3
191,1956.8831457748422,367.0,3
192,1956.8831457748422,369.0,3
193,1956.8831457748422,371.0,3
194,1956.8831457748422,373.0,3
195,1953.5066204906566,375.0,3
196,1953.5066204906566,377.0,3
197,1953.5066204906566,379.0,3
198,1953.5066204906566,381.0,3
199,1953.5066204906566,383.0,3
200,1952.2772042904642,385.0,3
201,1952.2772042904642,387.0,3
202,1952.2772042904642,389.0,3
203,1952.2772042904642,391.0,3
204,1952.2772042904642,393.0,3
205,1950.5570446866432,395.0,3
206,1950.5570446866432,397.0,3
207,1950.5570446866432,399.0,3
208,1950.5570446866432,401.0,3
209,1950.5570446866432,403.0,3
210,1951.1289848545666,405.0,3
211,1951.1289848545666,407.0,3
212,1951.1289848545666,409.0,3
213,1951.1289848545666,411.0,3
214,1951.1289848545666,413.0,3
215,1948.3918450797569,415.0,3
216,1948.3918450797569,417.0,3
217,1948.3918450797569,418.0,3
218,1948.3918450797569,419.0,3
219,1948.3918450797569,421.0,3
220,1942.5878380407635,423.0,3
221,1942.5878380407635,425.0,3
222,1942.5878380407635,427.0,3
223,1942.5878380407635,429.0,3
224,1942.5878380407635,431.0,3
225,1941.099094450592,433.0,3
226,1941.099094450592,435.0,3
227,1941.099094450592,437.0,3
228,1941.099094450592,439.0,3
229,1941.099094450592,441.0,3
230,1938.0186679944522,443.0,3
231,1938.0186679944522,445.0,3
232,1938.0186679944522,447.0,3
233,1938.0186679944522,449.0,3
234,1938.0186679944522,451.0,3
235,1937.200612482828,453.0,3
236,1937.200612482828,455.0,3
237,1937.200612482828,457.0,3
238,1937.200612482828,459.0,3
239,1937.200612482828,461.0,3
240,1937.2163196362,463.0,3
241,1937.2163196362,465.0,3
242,1937.2163196362,467.0,3
243,1937.2163196362,469.0,3
244,1937.2163196362,471.0,3
245,1936.6082033637272,473.0,3
246,1936.6082033637272,475.0,3
247,1936.6082033637272,477.0,3
248,1936.6082033637272,479.0,3
249,1936.6082033637272,481.0,3
250,1936.7510236855471,483.0,3
251,1936.7510236855471,484.0,3
252,1936.7510236855471,486.0,3
253,1936.7510236855471,488.0,3
254,1936.7510236855471,490.0,3
255,1934.8759793070399,492.0,3
256,1934.8759793070399,494.0,3
257,1934.8759793070399,496.0,3
258,1934.8759793070399,497.0,3
259,1934.8759793070399,499.0,3
260,1935.3081433828618,501.0,3
261,1935.3081433828618,503.0,3
262,1935.3081433828618,505.0,3
263,1935.3081433828618,507.0,3
264,1935.3081433828618,509.0,3
265,1930.7313825724573,510.0,3
266,1930.7313825724573,511.0,3
267,1930.7313825724573,512.0,3
268,1930.7313825724573,513.0,3
269,1930.7313825724573,514.0,3
270,1929.139100199165,515.0,3
271,1929.139100199165,516.0,3
272,1929.139100199165,517.0,3
273,1929.139100199165,518.0,3
274,1929.139100199165,519.0,3
275,1931.1787147396285,520.0,3
276,1931.1787147396285,521.0,3
277,1931.1787147396285,522.0,3
278,1931.1787147396285,523.0,3
279,1931.1787147396285,524.0,3
280,1930.358014825731,525.0,3
281,1930.358014825731,526.0,3
282,1930.358014825731,527.0,3
283,1930.358014825731,528.0,3
284,1930.358014825731,529.0,3
285,1927.601736071705,530.0,3
286,1927.601736071705,531.0,3
287,1927.601736071705,532.0,3
288,1927.601736071705,533.0,3
289,1927.601736071705,534.0,3
290,1924.3673865149817,535.0,3
291,1924.3673865149817,537.0,3
292,1924.3673865149817,539.0,3
293,1924.3673865149817,541.0,3
294,1924.3673865149817,543.0,3
295,1922.3294097822009,545.0,3
296,1922.3294097822009,547.0,3
297,1922.3294097822009,549.0,3
298,1922.3294097822009,551.0,3
299,1922.3294097822009,553.0,3
0,2410.1530387303783,0.0,4
1,2410.1530387303783,0.0,4
2,2410.1530387303783,0.0,4
3,2410.1530387303783,1.0,4
4,2410.1530387303783,3.0,4
5,2353.7235365428155,5.0,4
6,2353.7235365428155,7.0,4
7,2353.7235365428155,9.0,4
8,2353.7235365428155,11.0,4
9,2353.7235365428155,13.0,4
10,2338.622624085233,15.0,4
11,2338.622624085233,17.0,4
12,2338.622624085233,19.0,4
13,2338.622624085233,21.0,4
14,2338.622624085233,23.0,4
15,2318.5171286724308,25.0,4
16,2318.5171286724308,27.0,4
17,2318.5171286724308,29.0,4
18,2318.5171286724308,31.0,4
19,2318.5171286724308,33.0,4
20,2289.1543163785936,35.0,4
21,2289.1543163785936,37.0,4
22,2289.1543163785936,39.0,4
23,2289.1543163785936,41.0,4
24,2289.1543163785936,43.0,4
25,2268.0232380890275,45.0,4
26,2268.0232380890275,47.0,4
27,2268.0232380890275,49.0,4
28,2268.0232380890275,51.0,4
29,2268.0232380890275,53.0,4
30,2248.5635918353482,55.0,4
31,2248.5635918353482,57.0,4
32,2248.5635918353482,59.0,4
33,2248.5635918353482,61.0,4
34,2248.5635918353482,63.0,4
35,2227.1800311516845,65.0,4
36,2227.1800311516845,67.0,4
37,2227.1800311516845,69.0,4
38,2227.1800311516845,71.0,4
39,2227.1800311516845,73.0,4
40,2209.7817301559257,75.0,4
41,2209.7817301559257,77.0,4
42,2209.7817301559257,79.0,4
43,2209.7817301559257,81.0,4
44,2209.7817301559257,83.0,4
45,2193.481409870693,85.0,4
46,2193.481409870693,87.0,4
47,2193.481409870693,89.0,4
48,2193.481409870693,91.0,4
49,2193.481409870693,93.0,4
50,2172.858533647889,95.0,4
51,2172.858533647889,97.0,4
52,2172.858533647889,99.0,4
53,2172.858533647889,101.0,4
54,2172.858533647889,103.0,4
55,2154.4458142405756,105.0,4
56,2154.4458142405756,107.0,4
57,2154.4458142405756,109.0,4
58,2154.4458142405756,111.0,4
59,2154.4458142405756,113.0,4
60,2140.686829508113,115.0,4
61,2140.686829508113,117.0,4
62,2140.686829508113,119.0,4
63,2140.686829508113,121.0,4
64,2140.686829508113,123.0,4
65,2124.016437433732,125.0,4
66,2124.016437433732,127.0,4
67,2124.016437433732,129.0,4
68,2124.016437433732,131.0,4
69,2124.016437433732,133.0,4
70,2102.8247148022574,135.0,4
71,2102.8247148022574,137.0,4
72,2102.8247148022574,139.0,4
73,2102.8247148022574,141.0,4
74,2102.8247148022574,143.0,4
75,2086.6029294485074,145.0,4
76,2086.6029294485074,147.0,4
77,2086.6029294485074,149.0,4
78,2086.6029294485074,151.0,4
79,2086.6029294485074,153.0,4
80,2065.410273810377,155.0,4
81,2065.410273810377,157.0,4
82,2065.410273810377,159.0,4
83,2065.410273810377,161.0,4
84,2065.410273810377,163.0,4
85,2053.539538830784,165.0,4
86,2053.539538830784,167.0,4
87,2053.539538830784,169.0,4
88,2053.539538830784,171.0,4
89,2053.539538830784,173.0,4
90,2036.9163953317943,175.0,4
91,2036.9163953317943,177.0,4
92,2036.9163953317943,179.0,4
93,2036.9163953317943,180.0,4
94,2036.9163953317943,181.0,4
95,2029.2552723568372,182.0,4
96,2029.2552723568372,183.0,4
97,2029.2552723568372,184.0,4
98,2029.2552723568372,186.0,4
99,2029.2552723568372,188.0,4
100,2024.7938182603516,190.0,4
101,2024.7938182603516,192.0,4
102,2024.7938182603516,194.0,4
103,2024.7938182603516,196.0,4
104,2024.7938182603516,198.0,4
105,2017.7331855022935,200.0,4
106,2017.7331855022935,202.0,4
107,2017.7331855022935,204.0,4
108,2017.7331855022935,206.0,4
109,2017.7331855022935,208.0,4
110,2011.0579221094454,210.0,4
111,2011.0579221094454,212.0,4
112,2011.0579221094454,214.0,4
113,2011.0579221094454,216.0,4
114,2011.0579221094454,218.0,4
115,2006.929196052146,220.0,4
116,2006.929196052146,222.0,4
117,2006.929196052146,224.0,4
118,2006.929196052146,226.0,4
119,2006.929196052146,228.0,4
120,2003.2130051677266,230.0,4
121,2003.2130051677266,232.0,4
122,2003.2130051677266,234.0,4
123,2003.2130051677266,236.0,4
124,2003.2130051677266,238.0,4
125,1997.6664429997902,240.0,4
126,1997.6664429997902,242.0,4
127,1997.6664429997902,244.0,4
128,1997.6664429997902,246.0,4
129,1997.6664429997902,248.0,4
130,1995.5516173588085,250.0,4
131,1995.5516173588085,252.0,4
132,1995.5516173588085,254.0,4
133,1995.5516173588085,256.0,4
134,1995.5516173588085,258.0,4
135,1988.8634333366867,260.0,4
136,1988.8634333366867,262.0,4
137,1988.8634333366867,264.0,4
138,1988.8634333366867,266.0,4
139,1988.8634333366867,268.0,4
140,1982.3260579735452,270.0,4
141,1982.3260579735452,272.0,4
142,1982.3260579735452,273.0,4
143,1982.3260579735452,274.0,4
144,1982.3260579735452,275.0,4
145,1977.3901794254766,276.0,4
146,1977.3901794254766,277.0,4
147,1977.3901794254766,278.0,4
148,1977.3901794254766,279.0,4
149,1977.3901794254766,281.0,4
150,1976.1647144347533,283.0,4
151,1976.1647144347533,285.0,4
152,1976.1647144347533,287.0,4
153,1976.1647144347533,289.0,4
154,1976.1647144347533,291.0,4
155,1968.8108601270278,293.0,4
156,1968.8108601270278,295.0,4
157,1968.8108601270278,297.0,4
158,1968.8108601270278,299.0,4
159,1968.8108601270278,301.0,4
160,1966.5941194837928,303.0,4
161,1966.5941194837928,305.0,4
162,1966.5941194837928,307.0,4
163,1966.5941194837928,309.0,4
164,1966.5941194837928,311.0,4
165,1966.3183088793733,313.0,4
166,1966.3183088793733,315.0,4
167,1966.3183088793733,317.0,4
168,1966.3183088793733,319.0,4
169,1966.3183088793733,321.0,4
170,1966.4201261614298,322.0,4
171,1966.4201261614298,324.0,4
172,1966.4201261614298,326.0,4
173,1966.4201261614298,328.0,4
174,1966.4201261614298,330.0,4
175,1965.0540656002204,332.0,4
176,1965.0540656002204,334.0,4
177,1965.0540656002204,336.0,4
178,1965.0540656002204,338.0,4
179,1965.0540656002204,340.0,4
180,1962.1368080539692,342.0,4
181,1962.1368080539692,344.0,4
182,1962.1368080539692,346.0,4
183,1962.1368080539692,348.0,4
184,1962.1368080539692,350.0,4
185,1958.7639159636972,352.0,4
186,1958.7639159636972,354.0,4
187,1958.7639159636972,356.0,4
188,1958.7639159636972,358.0,4
189,1958.7639159636972,360.0,4
190,1956.8644065317449,362.0,4
191,1956.8644065317449,364.0,4
192,1956.8644065317449,366.0,4
193,1956.8644065317449,368.0,4
194,1956.8644065317449,370.0,4
195,1952.578076770722,372.0,4
196,1952.578076770722,374.0,4
197,1952.578076770722,376.0,4
198,1952.578076770722,378.0,4
199,1952.578076770722,380.0,4
200,1943.436559263776,382.0,4
201,1943.436559263776,384.0,4
202,1943.436559263776,385.0,4
203,1943.436559263776,386.0,4
204,1943.436559263776,387.0,4
205,1933.2885514544962,388.0,4
206,1933.2885514544962,389.0,4
207,1933.2885514544962,390.0,4
208,1933.2885514544962,391.0,4
209,1933.2885514544962,392.0,4
210,1925.761679794446,394.0,4
211,1925.761679794446,396.0,4
212,1925.761679794446,397.0,4
213,1925.761679794446,398.0,4
214,1925.761679794446,399.0,4
215,1918.1385607427176,400.0,4
216,1918.1385607427176,401.0,4
217,1918.1385607427176,402.0,4
218,1918.1385607427176,403.0,4
219,1918.1385607427176,404.0,4
220,1914.6286121984517,405.0,4
221,1914.6286121984517,406.0,4
222,1914.6286121984517,407.0,4
223,1914.6286121984517,408.0,4
224,1914.6286121984517,409.0,4
225,1908.2330373518657,410.0,4
226,1908.2330373518657,411.0,4
227,1908.2330373518657,412.0,4
228,1908.2330373518657,413.0,4
229,1908.2330373518657,414.0,4
230,1903.785632443734,415.0,4
231,1903.785632443734,416.0,4
232,1903.785632443734,418.0,4
233,1903.785632443734,420.0,4
234,1903.785632443734,422.0,4
235,1899.7807602948333,424.0,4
236,1899.7807602948333,426.0,4
237,1899.7807602948333,428.0,4
238,1899.7807602948333,430.0,4
239,1899.7807602948333,432.0,4
240,1890.3470121643163,434.0,4
241,1890.3470121643163,436.0,4
242,1890.3470121643163,438.0,4
243,1890.3470121643163,440.0,4
244,1890.3470121643163,442.0,4
245,1884.7566402218886,444.0,4
246,1884.7566402218886,446.0,4
247,1884.7566402218886,448.0,4
248,1884.7566402218886,450.0,4
249,1884.7566402218886,452.0,4
250,1878.600084968979,454.0,4
251,1878.600084968979,456.0,4
252,1878.600084968979,458.0,4
253,1878.600084968979,460.0,4
254,1878.600084968979,462.0,4
255,1866.593716591256,464.0,4
256,1866.593716591256,466.0,4
257,1866.593716591256,468.0,4
258,1866.593716591256,470.0,4
259,1866.593716591256,472.0,4
260,1867.6854317335801,474.0,4
261,1867.6854317335801,476.0,4
262,1867.6854317335801,478.0,4
263,1867.6854317335801,480.0,4
264,1867.6854317335801,482.0,4
265,1867.467291644485,484.0,4
266,1867.467291644485,486.0,4
267,1867.467291644485,488.0,4
268,1867.467291644485,490.0,4
269,1867.467291644485,492.0,4
270,1868.0612943222275,494.0,4
271,1868.0612943222275,496.0,4
272,1868.0612943222275,498.0,4
273,1868.0612943222275,500.0,4
274,1868.0612943222275,502.0,4
275,1861.84457571017,504.0,4
276,1861.84457571017,506.0,4
277,1861.84457571017,508.0,4
278,1861.84457571017,510.0,4
279,1861.84457571017,512.0,4
280,1866.6703082694735,514.0,4
281,1866.6703082694735,516.0,4
282,1866.6703082694735,518.0,4
283,1866.6703082694735,520.0,4
284,1866.6703082694735,522.0,4
285,1863.8411726291815,524.0,4
286,1863.8411726291815,526.0,4
287,1863.8411726291815,528.0,4
288,1863.8411726291815,530.0,4
289,1863.8411726291815,532.0,4
290,1859.4674899414358,534.0,4
291,1859.4674899414358,536.0,4
292,1859.4674899414358,538.0,4
293,1859.4674899414358,540.0,4
294,1859.4674899414358,542.0,4
295,1855.541050619979,544.0,4
296,1855.541050619979,546.0,4
297,1855.541050619979,548.0,4
298,1855.541050619979,550.0,4
299,1855.541050619979,552.0,4
0,2410.1530387303783,0.0,5
1,2410.1530387303783,0.0,5
2,2410.1530387303783,0.0,5
3,2410.1530387303783,0.0,5
4,2410.1530387303783,1.0,5
5,2349.076630769099,3.0,5
6,2349.076630769099,5.0,5
7,2349.076630769099,7.0,5
8,2349.076630769099,9.0,5
9,2349.076630769099,11.0,5
10,2321.752826523522,13.0,5
11,2321.752826523522,15.0,5
12,2321.752826523522,17.0,5
13,2321.752826523522,19.0,5
14,2321.752826523522,21.0,5
15,2305.3203382056136,22.0,5
16,2305.3203382056136,23.0,5
17,2305.3203382056136,24.0,5
18,2305.3203382056136,26.0,5
19,2305.3203382056136,28.0,5
20,2279.601118207076,30.0,5
21,2279.601118207076,32.0,5
22,2279.601118207076,34.0,5
23,2279.601118207076,36.0,5
24,2279.601118207076,38.0,5
25,2248.608640843735,40.0,5
26,2248.608640843735,42.0,5
27,2248.608640843735,44.0,5
28,2248.608640843735,46.0,5
29,2248.608640843735,48.0,5
30,2230.7355611053727,50.0,5
31,2230.7355611053727,52.0,5
32,2230.7355611053727,54.0,5
33,2230.7355611053727,56.0,5
34,2230.7355611053727,58.0,5
35,2228.34266629556,60.0,5
36,2228.34266629556,62.0,5
37,2228.34266629556,64.0,5
38,2228.34266629556,66.0,5
39,2228.34266629556,68.0,5
40,2223.655329868171,70.0,5
41,2223.655329868171,72.0,5
42,2223.655329868171,74.0,5
43,2223.655329868171,76.0,5
44,2223.655329868171,78.0,5
45,2222.7312134460017,80.0,5
46,2222.7312134460017,82.0,5
47,2222.7312134460017,84.0,5
48,2222.7312134460017,86.0,5
49,2222.7312134460017,88.0,5
50,2209.5313020644785,90.0,5
51,2209.5313020644785,92.0,5
52,2209.5313020644785,94.0,5
53,2209.5313020644785,96.0,5
54,2209.5313020644785,98.0,5
55,2195.9790648492944,100.0,5
56,2195.9790648492944,102.0,5
57,2195.9790648492944,104.0,5
58,2195.9790648492944,106.0,5
59,2195.9790648492944,108.0,5
60,2189.6228477507566,110.0,5
61,2189.6228477507566,112.0,5
62,2189.6228477507566,114.0,5
63,2189.6228477507566,116.0,5
64,2189.6228477507566,118.0,5
65,2178.4372160804432,120.0,5
66,2178.4372160804432,122.0,5
67,2178.4372160804432,124.0,5
68,2178.4372160804432,126.0,5
69,2178.4372160804432,128.0,5
70,2147.2342103708415,129.0,5
71,2147.2342103708415,130.0,5
72,2147.2342103708415,131.0,5
73,2147.2342103708415,132.0,5
74,2147.2342103708415,133.0,5
75,2127.3759610045627,134.0,5
76,2127.3759610045627,135.0,5
77,2127.3759610045627,136.0,5
78,2127.3759610045627,137.0,5
79,2127.3759610045627,138.0,5
80,2116.2060537764037,139.0,5
81,2116.2060537764037,140.0,5
82,2116.2060537764037,141.0,5
83,2116.2060537764037,142.0,5
84,2116.2060537764037,143.0,5
85,2103.5227084146586,144.0,5
86,2103.5227084146586,145.0,5
87,2103.5227084146586,146.0,5
88,2103.5227084146586,147.0,5
89,2103.5227084146586,147.0,5
90,2097.293485441809,148.0,5
91,2097.293485441809,149.0,5
92,2097.293485441809,150.0,5
93,2097.293485441809,151.0,5
94,2097.293485441809,152.0,5
95,2086.5482839007254,153.0,5
96,2086.5482839007254,154.0,5
97,2086.5482839007254,155.0,5
98,2086.5482839007254,156.0,5
99,2086.5482839007254,157.0,5
100,2076.981333058885,158.0,5
101,2076.981333058885,159.0,5
102,2076.981333058885,160.0,5
103,2076.981333058885,161.0,5
104,2076.981333058885,162.0,5
105,2068.2393876515875,163.0,5
106,2068.2393876515875,164.0,5
107,2068.2393876515875,165.0,5
108,2068.2393876515875,166.0,5
109,2068.2393876515875,168.0,5
110,2060.449953760608,170.0,5
111,2060.449953760608,172.0,5
112,2060.449953760608,174.0,5
113,2060.449953760608,176.0,5
114,2060.449953760608,178.0,5
115,2050.7033851687997,180.0,5
116,2050.7033851687997,182.0,5
117,2050.7033851687997,184.0,5
118,2050.7033851687997,186.0,5
119,2050.7033851687997,188.0,5
120,2043.4561109645354,190.0,5
121,2043.4561109645354,192.0,5
122,2043.4561109645354,194.0,5
123,2043.4561109645354,196.0,5
124,2043.4561109645354,198.0,5
125,2030.7183691010914,200.0,5
126,2030.7183691010914,202.0,5
127,2030.7183691010914,203.0,5
128,2030.7183691010914,204.0,5
129,2030.7183691010914,205.0,5
130,2027.3533170364558,206.0,5
131,2027.3533170364558,207.0,5
132,2027.3533170364558,208.0,5
133,2027.3533170364558,209.0,5
134,2027.3533170364558,210.0,5
135,2020.065154276164,211.0,5
136,2020.065154276164,212.0,5
137,2020.065154276164,213.0,5
138,2020.065154276164,214.0,5
139,2020.065154276164,215.0,5
140,2015.4845495534546,217.0,5
141,2015.4845495534546,219.0,5
142,2015.4845495534546,220.0,5
143,2015.4845495534546,221.0,5
144,2015.4845495534546,221.0,5
145,2015.2548142211865,221.0,5
146,2015.2548142211865,222.0,5
147,2015.2548142211865,223.0,5
148,2015.2548142211865,223.0,5
149,2015.2548142211865,223.0,5
150,2009.6758483224585,223.0,5
151,2009.6758483224585,223.0,5
152,2009.6758483224585,223.0,5
153,2009.6758483224585,223.0,5
154,2009.6758483224585,223.0,5
155,1993.2498125111838,223.0,5
156,1993.2498125111838,224.0,5
157,1993.2498125111838,225.0,5
158,1993.2498125111838,226.0,5
159,1993.2498125111838,227.0,5
160,1990.822712863943,228.0,5
161,1990.822712863943,229.0,5
162,1990.822712863943,230.0,5
163,1990.822712863943,231.0,5
164,1990.822712863943,231.0,5
165,1985.584417994508,231.0,5
166,1985.584417994508,231.0,5
167,1985.584417994508,231.0,5
168,1985.584417994508,231.0,5
169,1985.584417994508,231.0,5
170,1980.251097774459,231.0,5
171,1980.251097774459,231.0,5
172,1980.251097774459,231.0,5
173,1980.251097774459,231.0,5
174,1980.251097774459,232.0,5
175,1970.3337766379377,233.0,5
176,1970.3337766379377,234.0,5
177,1970.3337766379377,235.0,5
178,1970.3337766379377,236.0,5
179,1970.3337766379377,237.0,5
180,1959.9212934449897,239.0,5
181,1959.9212934449897,241.0,5
182,1959.9212934449897,243.0,5
183,1959.9212934449897,245.0,5
184,1959.9212934449897,247.0,5
185,1949.295233139847,249.0,5
186,1949.295233139847,251.0,5
187,1949.295233139847,253.0,5
188,1949.295233139847,253.0,5
189,1949.295233139847,253.0,5
190,1937.378496456107,253.0,5
191,1937.378496456107,253.0,5
192,1937.378496456107,253.0,5
193,1937.378496456107,253.0,5
194,1937.378496456107,253.0,5
195,1932.4380841819561,253.0,5
196,1932.4380841819561,254.0,5
197,1932.4380841819561,255.0,5
198,1932.4380841819561,256.0,5
199,1932.4380841819561,257.0,5
200,1924.2429442503774,258.0,5
201,1924.2429442503774,260.0,5
202,1924.2429442503774,262.0,5
203,1924.2429442503774,264.0,5
204,1924.2429442503774,266.0,5
205,1915.7592810609704,268.0,5
206,1915.7592810609704,270.0,5
207,1915.7592810609704,272.0,5
208,1915.7592810609704,274.0,5
209,1915.7592810609704,276.0,5
210,1908.7560213697784,278.0,5
211,1908.7560213697784,280.0,5
212,1908.7560213697784,282.0,5
213,1908.7560213697784,284.0,5
214,1908.7560213697784,286.0,5
215,1905.2726534868373,288.0,5
216,1905.2726534868373,290.0,5
217,1905.2726534868373,292.0,5
218,1905.2726534868373,294.0,5
219,1905.2726534868373,296.0,5
220,1891.6576557795502,298.0,5
221,1891.6576557795502,300.0,5
222,1891.6576557795502,302.0,5
223,1891.6576557795502,304.0,5
224,1891.6576557795502,306.0,5
225,1889.3086160833464,308.0,5
226,1889.3086160833464,310.0,5
227,1889.3086160833464,312.0,5
228,1889.3086160833464,314.0,5
229,1889.3086160833464,316.0,5
230,1880.4807669194247,317.0,5
231,1880.4807669194247,319.0,5
232,1880.4807669194247,321.0,5
233,1880.4807669194247,323.0,5
234,1880.4807669194247,325.0,5
235,1872.9237803565525,327.0,5
236,1872.9237803565525,329.0,5
237,1872.9237803565525,331.0,5
238,1872.9237803565525,333.0,5
239,1872.9237803565525,335.0,5
240,1865.187727420866,337.0,5
241,1865.187727420866,339.0,5
242,1865.187727420866,341.0,5
243,1865.187727420866,343.0,5
244,1865.187727420866,345.0,5
245,1855.2490764819338,347.0,5
246,1855.2490764819338,349.0,5
247,1855.2490764819338,351.0,5
248,1855.2490764819338,353.0,5
249,1855.2490764819338,355.0,5
250,1852.7591759652385,357.0,5
251,1852.7591759652385,359.0,5
252,1852.7591759652385,361.0,5
253,1852.7591759652385,363.0,5
254,1852.7591759652385,365.0,5
255,1845.2922120742487,367.0,5
256,1845.2922120742487,369.0,5
257,1845.2922120742487,371.0,5
258,1845.2922120742487,373.0,5
259,1845.2922120742487,375.0,5
260,1839.7909869456723,377.0,5
261,1839.7909869456723,379.0,5
262,1839.7909869456723,381.0,5
263,1839.7909869456723,383.0,5
264,1839.7909869456723,385.0,5
265,1831.4401675510867,387.0,5
266,1831.4401675510867,389.0,5
267,1831.4401675510867,391.0,5
268,1831.4401675510867,393.0,5
269,1831.4401675510867,395.0,5
270,1829.4580096003158,397.0,5
271,1829.4580096003158,399.0,5
272,1829.4580096003158,401.0,5
273,1829.4580096003158,403.0,5
274,1829.4580096003158,404.0,5
275,1829.100188799582,405.0,5
276,1829.100188799582,406.0,5
277,1829.100188799582,407.0,5
278,1829.100188799582,408.0,5
279,1829.100188799582,409.0,5
280,1821.448557460586,410.0,5
281,1821.448557460586,411.0,5
282,1821.448557460586,412.0,5
283,1821.448557460586,413.0,5
284,1821.448557460586,414.0,5
285,1817.9506511894847,415.0,5
286,1817.9506511894847,416.0,5
287,1817.9506511894847,417.0,5
288,1817.9506511894847,418.0,5
289,1817.9506511894847,420.0,5
290,1819.9637553825503,422.0,5
291,1819.9637553825503,424.0,5
292,1819.9637553825503,426.0,5
293,1819.9637553825503,428.0,5
294,1819.9637553825503,430.0,5
295,1817.9214935398982,431.0,5
296,1817.9214935398982,432.0,5
297,1817.9214935398982,433.0,5
298,1817.9214935398982,434.0,5
299,1817.9214935398982,435.0,5
0,2410.1530387303783,0.0,6
1,2410.1530387303783,0.0,6
2,2410.1530387303783,1.0,6
3,2410.1530387303783,3.0,6
4,2410.1530387303783,5.0,6
5,2340.7888035914825,7.0,6
6,2340.7888035914825,9.0,6
7,2340.7888035914825,11.0,6
8,2340.7888035914825,13.0,6
9,2340.7888035914825,15.0,6
10,2316.1977282775965,17.0,6
11,2316.1977282775965,19.0,6
12,2316.1977282775965,21.0,6
13,2316.1977282775965,23.0,6
14,2316.1977282775965,25.0,6
15,2295.9548729486064,27.0,6
16,2295.9548729486064,29.0,6
17,2295.9548729486064,31.0,6
18,2295.9548729486064,33.0,6
19,2295.9548729486064,35.0,6
20,2275.819487670864,37.0,6
21,2275.819487670864,39.0,6
22,2275.819487670864,41.0,6
23,2275.819487670864,43.0,6
24,2275.819487670864,45.0,6
25,2262.230930626941,47.0,6
26,2262.230930626941,49.0,6
27,2262.230930626941,51.0,6
28,2262.230930626941,53.0,6
29,2262.230930626941,54.0,6
30,2247.8306964182557,55.0,6
31,2247.8306964182557,56.0,6
32,2247.8306964182557,57.0,6
33,2247.8306964182557,58.0,6
34,2247.8306964182557,59.0,6
35,2226.8096272771127,60.0,6
36,2226.8096272771127,61.0,6
37,2226.8096272771127,62.0,6
38,2226.8096272771127,64.0,6
39,2226.8096272771127,66.0,6
40,2206.9512376481653,68.0,6
41,2206.9512376481653,70.0,6
42,2206.9512376481653,72.0,6
43,2206.9512376481653,74.0,6
44,2206.9512376481653,76.0,6
45,2174.1302214725583,78.0,6
46,2174.1302214725583,80.0,6
47,2174.1302214725583,82.0,6
48,2174.1302214725583,84.0,6
49,2174.1302214725583,86.0,6
50,2153.6769587899557,88.0,6
51,2153.6769587899557,90.0,6
52,2153.6769587899557,92.0,6
53,2153.6769587899557,94.0,6
54,2153.6769587899557,96.0,6
55,2128.013455177352,98.0,6
56,2128.013455177352,100.0,6
57,2128.013455177352,102.0,6
58,2128.013455177352,104.0,6
59,2128.013455177352,106.0,6
60,2113.095332072222,108.0,6
61,2113.095332072222,110.0,6
62,2113.095332072222,112.0,6
63,2113.095332072222,114.0,6
64,2113.095332072222,116.0,6
65,2102.4312435149013,118.0,6
66,2102.4312435149013,120.0,6
67,2102.4312435149013,122.0,6
68,2102.4312435149013,124.0,6
69,2102.4312435149013,126.0,6
70,2095.348813914185,128.0,6
71,2095.348813914185,130.0,6
72,2095.348813914185,132.0,6
73,2095.348813914185,134.0,6
74,2095.348813914185,136.0,6
75,2084.015477092909,138.0,6
76,2084.015477092909,140.0,6
77,2084.015477092909,142.0,6
78,2084.015477092909,144.0,6
79,2084.015477092909,146.0,6
80,2072.474056833062,148.0,6
81,2072.474056833062,150.0,6
82,2072.474056833062,152.0,6
83,2072.474056833062,154.0,6
84,2072.474056833062,156.0,6
85,2057.3117652569254,158.0,6
86,2057.3117652569254,160.0,6
87,2057.3117652569254,162.0,6
88,2057.3117652569254,164.0,6
89,2057.3117652569254,166.0,6
90,2040.9223548081043,168.0,6
91,2040.9223548081043,170.0,6
92,2040.9223548081043,172.0,6
93,2040.9223548081043,174.0,6
94,2040.9223548081043,176.0,6
95,2026.2863534809753,178.0,6
96,2026.2863534809753,180.0,6
97,2026.2863534809753,182.0,6
98,2026.2863534809753,184.0,6
99,2026.2863534809753,186.0,6
100,2010.883842833975,188.0,6
101,2010.883842833975,190.0,6
102,2010.883842833975,192.0,6
103,2010.883842833975,194.0,6
104,2010.883842833975,196.0,6
105,2004.4595233747555,198.0,6
106,2004.4595233747555,200.0,6
107,2004.4595233747555,202.0,6
108,2004.4595233747555,204.0,6
109,2004.4595233747555,206.0,6
110,2002.3599092365575,208.0,6
111,2002.3599092365575,210.0,6
112,2002.3599092365575,212.0,6
113,2002.3599092365575,214.0,6
114,2002.3599092365575,216.0,6
115,1998.456415337369,218.0,6
116,1998.456415337369,220.0,6
117,1998.456415337369,222.0,6
118,1998.456415337369,224.0,6
119,1998.456415337369,226.0,6
120,1992.8241150536905,228.0,6
121,1992.8241150536905,230.0,6
122,1992.8241150536905,232.0,6
123,1992.8241150536905,234.0,6
124,1992.8241150536905,236.0,6
125,1986.2277261623444,238.0,6
126,1986.2277261623444,240.0,6
127,1986.2277261623444,242.0,6
128,1986.2277261623444,244.0,6
129,1986.2277261623444,246.0,6
130,1982.9931761749972,248.0,6
131,1982.9931761749972,250.0,6
132,1982.9931761749972,251.0,6
133,1982.9931761749972,252.0,6
134,1982.9931761749972,253.0,6
135,1978.6215849284329,254.0,6
136,1978.6215849284329,256.0,6
137,1978.6215849284329,258.0,6
138,1978.6215849284329,260.0,6
139,1978.6215849284329,262.0,6
140,1971.741196019745,264.0,6
141,1971.741196019745,266.0,6
142,1971.741196019745,268.0,6
143,1971.741196019745,270.0,6
144,1971.741196019745,271.0,6
145,1961.6495343808729,272.0,6
146,1961.6495343808729,274.0,6
147,1961.6495343808729,276.0,6
148,1961.6495343808729,277.0,6
149,1961.6495343808729,278.0,6
150,1956.5101912838084,279.0,6
151,1956.5101912838084,280.0,6
152,1956.5101912838084,281.0,6
153,1956.5101912838084,282.0,6
154,1956.5101912838084,283.0,6
155,1954.6786965785773,285.0,6
156,1954.6786965785773,287.0,6
157,1954.6786965785773,288.0,6
158,1954.6786965785773,289.0,6
159,1954.6786965785773,290.0,6
160,1953.7611139813926,291.0,6
161,1953.7611139813926,292.0,6
162,1953.7611139813926,293.0,6
163,1953.7611139813926,294.0,6
164,1953.7611139813926,295.0,6
165,1949.470693694068,296.0,6
166,1949.470693694068,297.0,6
167,1949.470693694068,298.0,6
168,1949.470693694068,299.0,6
169,1949.470693694068,300.0,6
170,1945.2781230801797,301.0,6
171,1945.2781230801797,302.0,6
172,1945.2781230801797,303.0,6
173,1945.2781230801797,304.0,6
174,1945.2781230801797,305.0,6
175,1928.498728652146,306.0,6
176,1928.498728652146,308.0,6
177,1928.498728652146,310.0,6
178,1928.498728652146,312.0,6
179,1928.498728652146,314.0,6
180,1922.219645383756,316.0,6
181,1922.219645383756,318.0,6
182,1922.219645383756,320.0,6
183,1922.219645383756,322.0,6
184,1922.219645383756,324.0,6
185,1915.3924609747664,326.0,6
186,1915.3924609747664,328.0,6
187,1915.3924609747664,330.0,6
188,1915.3924609747664,332.0,6
189,1915.3924609747664,334.0,6
190,1909.117192101889,336.0,6
191,1909.117192101889,338.0,6
192,1909.117192101889,340.0,6
193,1909.117192101889,342.0,6
194,1909.117192101889,344.0,6
195,1900.7808339311928,346.0,6
196,1900.7808339311928,348.0,6
197,1900.7808339311928,350.0,6
198,1900.7808339311928,352.0,6
199,1900.7808339311928,354.0,6
200,1895.0956371469529,355.0,6
201,1895.0956371469529,356.0,6
202,1895.0956371469529,357.0,6
203,1895.0956371469529,358.0,6
204,1895.0956371469529,359.0,6
205,1893.8510353173963,361.0,6
206,1893.8510353173963,363.0,6
207,1893.8510353173963,365.0,6
208,1893.8510353173963,367.0,6
209,1893.8510353173963,369.0,6
210,1888.8771798072084,371.0,6
211,1888.8771798072084,373.0,6
212,1888.8771798072084,375.0,6
213,1888.8771798072084,377.0,6
214,1888.8771798072084,379.0,6
215,1883.8320040054293,381.0,6
216,1883.8320040054293,383.0,6
217,1883.8320040054293,385.0,6
218,1883.8320040054293,387.0,6
219,1883.8320040054293,389.0,6
220,1876.8254123405004,391.0,6
221,1876.8254123405004,393.0,6
222,1876.8254123405004,395.0,6
223,1876.8254123405004,397.0,6
224,1876.8254123405004,399.0,6
225,1869.9368048881197,401.0,6
226,1869.9368048881197,403.0,6
227,1869.9368048881197,405.0,6
228,1869.9368048881197,407.0,6
229,1869.9368048881197,409.0,6
230,1869.5683147184948,411.0,6
231,1869.5683147184948,413.0,6
232,1869.5683147184948,415.0,6
233,1869.5683147184948,417.0,6
234,1869.5683147184948,419.0,6
235,1870.3487989228986,421.0,6
236,1870.3487989228986,423.0,6
237,1870.3487989228986,425.0,6
238,1870.3487989228986,427.0,6
239,1870.3487989228986,429.0,6
240,1867.209459287994,430.0,6
241,1867.209459287994,431.0,6
242,1867.209459287994,433.0,6
243,1867.209459287994,435.0,6
244,1867.209459287994,437.0,6
245,1866.5593918078998,439.0,6
246,1866.5593918078998,441.0,6
247,1866.5593918078998,443.0,6
248,1866.5593918078998,445.0,6
249,1866.5593918078998,447.0,6
250,1864.3622711422754,449.0,6
251,1864.3622711422754,451.0,6
252,1864.3622711422754,452.0,6
253,1864.3622711422754,453.0,6
254,1864.3622711422754,454.0,6
255,1861.9386798204005,455.0,6
256,1861.9386798204005,456.0,6
257,1861.9386798204005,457.0,6
258,1861.9386798204005,458.0,6
259,1861.9386798204005,459.0,6
260,1859.645947658512,460.0,6
261,1859.645947658512,462.0,6
262,1859.645947658512,464.0,6
263,1859.645947658512,466.0,6
264,1859.645947658512,468.0,6
265,1856.4589887712782,470.0,6
266,1856.4589887712782,472.0,6
267,1856.4589887712782,474.0,6
268,1856.4589887712782,476.0,6
269,1856.4589887712782,478.0,6
270,1853.3983569802358,480.0,6
271,1853.3983569802358,482.0,6
272,1853.3983569802358,484.0,6
273,1853.3983569802358,486.0,6
274,1853.3983569802358,487.0,6
275,1850.8985922691195,488.0,6
276,1850.8985922691195,489.0,6
277,1850.8985922691195,490.0,6
278,1850.8985922691195,491.0,6
279,1850.8985922691195,492.0,6
280,1848.4451636287436,493.0,6
281,1848.4451636287436,494.0,6
282,1848.4451636287436,495.0,6
283,1848.4451636287436,496.0,6
284,1848.4451636287436,497.0,6
285,1849.1051678702497,498.0,6
286,1849.1051678702497,499.0,6
287,1849.1051678702497,500.0,6
288,1849.1051678702497,501.0,6
289,1849.1051678702497,502.0,6
290,1845.368758016613,503.0,6
291,1845.368758016613,504.0,6
292,1845.368758016613,505.0,6
293,1845.368758016613,506.0,6
294,1845.368758016613,507.0,6
295,1842.4925138814551,509.0,6
296,1842.4925138814551,511.0,6
297,1842.4925138814551,513.0,6
298,1842.4925138814551,515.0,6
299,1842.4925138814551,517.0,6
0,2410.1530387303783,0.0,7
1,2410.1530387303783,0.0,7
2,2410.1530387303783,2.0,7
3,2410.1530387303783,4.0,7
4,2410.1530387303783,6.0,7
5,2340.4683847385863,8.0,7
6,2340.4683847385863,10.0,7
7,2340.4683847385863,12.0,7
8,2340.4683847385863,14.0,7
9,2340.4683847385863,16.0,7
10,2319.812017017985,18.0,7
11,2319.812017017985,20.0,7
12,2319.812017017985,22.0,7
13,2319.812017017985,24.0,7
14,2319.812017017985,26.0,7
15,2302.440901091427,28.0,7
16,2302.440901091427,30.0,7
17,2302.440901091427,32.0,7
18,2302.440901091427,34.0,7
19,2302.440901091427,36.0,7
20,2283.6640565020816,38.0,7
21,2283.6640565020816,40.0,7
22,2283.6640565020816,42.0,7
23,2283.6640565020816,44.0,7
24,2283.6640565020816,46.0,7
25,2268.661853545776,48.0,7
26,2268.661853545776,50.0,7
27,2268.661853545776,52.0,7
28,2268.661853545776,54.0,7
29,2268.661853545776,56.0,7
30,2253.2816864606884,58.0,7
31,2253.2816864606884,60.0,7
32,2253.2816864606884,62.0,7
33,2253.2816864606884,64.0,7
34,2253.2816864606884,66.0,7
35,2231.2837680496928,68.0,7
36,2231.2837680496928,70.0,7
37,2231.2837680496928,72.0,7
38,2231.2837680496928,74.0,7
39,2231.2837680496928,76.0,7
40,2215.495866576417,78.0,7
41,2215.495866576417,80.0,7
42,2215.495866576417,82.0,7
43,2215.495866576417,84.0,7
44,2215.495866576417,86.0,7
45,2198.2918630926697,88.0,7
46,2198.2918630926697,90.0,7
47,2198.2918630926697,92.0,7
48,2198.2918630926697,94.0,7
49,2198.2918630926697,96.0,7
50,2190.1318215636447,98.0,7
51,2190.1318215636447,100.0,7
52,2190.1318215636447,102.0,7
53,2190.1318215636447,104.0,7
54,2190.1318215636447,106.0,7
55,2187.72139269282,108.0,7
56,2187.72139269282,110.0,7
57,2187.72139269282,112.0,7
58,2187.72139269282,114.0,7
59,2187.72139269282,116.0,7
60,2184.694423952064,118.0,7
61,2184.694423952064,120.0,7
62,2184.694423952064,122.0,7
63,2184.694423952064,124.0,7
64,2184.694423952064,126.0,7
65,2183.5252015989945,128.0,7
66,2183.5252015989945,130.0,7
67,2183.5252015989945,132.0,7
68,2183.5252015989945,133.0,7
69,2183.5252015989945,134.0,7
70,2168.123239802912,136.0,7
71,2168.123239802912,138.0,7
72,2168.123239802912,140.0,7
73,2168.123239802912,142.0,7
74,2168.123239802912,144.0,7
75,2152.448287657351,146.0,7
76,2152.448287657351,148.0,7
77,2152.448287657351,150.0,7
78,2152.448287657351,152.0,7
79,2152.448287657351,154.0,7
80,2145.846083276453,156.0,7
81,2145.846083276453,158.0,7
82,2145.846083276453,160.0,7
83,2145.846083276453,162.0,7
84,2145.846083276453,164.0,7
85,2134.2616820448948,166.0,7
86,2134.2616820448948,168.0,7
87,2134.2616820448948,170.0,7
88,2134.2616820448948,172.0,7
89,2134.2616820448948,174.0,7
90,2126.3307396390937,176.0,7
91,2126.3307396390937,178.0,7
92,2126.3307396390937,179.0,7
93,2126.3307396390937,181.0,7
94,2126.3307396390937,183.0,7
95,2124.3769114728934,185.0,7
96,2124.3769114728934,187.0,7
97,2124.3769114728934,189.0,7
98,2124.3769114728934,191.0,7
99,2124.3769114728934,193.0,7
100,2118.1270399941554,195.0,7
101,2118.1270399941554,197.0,7
102,2118.1270399941554,199.0,7
103,2118.1270399941554,201.0,7
104,2118.1270399941554,203.0,7
105,2114.467761235827,205.0,7
106,2114.467761235827,207.0,7
107,2114.467761235827,209.0,7
108,2114.467761235827,211.0,7
109,2114.467761235827,213.0,7
110,2110.347296496706,215.0,7
111,2110.347296496706,217.0,7
112,2110.347296496706,219.0,7
113,2110.347296496706,221.0,7
114,2110.347296496706,223.0,7
115,2104.9729193194444,225.0,7
116,2104.9729193194444,227.0,7
117,2104.9729193194444,229.0,7
118,2104.9729193194444,231.0,7
119,2104.9729193194444,233.0,7
120,2099.64205666705,235.0,7
121,2099.64205666705,237.0,7
122,2099.64205666705,239.0,7
123,2099.64205666705,241.0,7
124,2099.64205666705,243.0,7
125,2094.7717008635736,245.0,7
126,2094.7717008635736,247.0,7
127,2094.7717008635736,249.0,7
128,2094.7717008635736,251.0,7
129,2094.7717008635736,253.0,7
130,2091.7345164686094,255.0,7
131,2091.7345164686094,257.0,7
132,2091.7345164686094,259.0,7
133,2091.7345164686094,260.0,7
134,2091.7345164686094,261.0,7
135,2085.9476271149283,262.0,7
136,2085.9476271149283,263.0,7
137,2085.9476271149283,264.0,7
138,2085.9476271149283,265.0,7
139,2085.9476271149283,266.0,7
140,2084.8343137679476,268.0,7
141,2084.8343137679476,270.0,7
142,2084.8343137679476,272.0,7
143,2084.8343137679476,274.0,7
144,2084.8343137679476,276.0,7
145,2082.1898798674665,278.0,7
146,2082.1898798674665,280.0,7
147,2082.1898798674665,282.0,7
148,2082.1898798674665,284.0,7
149,2082.1898798674665,286.0,7
150,2081.724500013891,288.0,7
151,2081.724500013891,290.0,7
152,2081.724500013891,292.0,7
153,2081.724500013891,294.0,7
154,2081.724500013891,296.0,7
155,2079.874258287088,298.0,7
156,2079.874258287088,300.0,7
157,2079.874258287088,302.0,7
158,2079.874258287088,304.0,7
159,2079.874258287088,306.0,7
160,2077.918805309715,308.0,7
161,2077.918805309715,310.0,7
162,2077.918805309715,312.0,7
163,2077.918805309715,314.0,7
164,2077.918805309715,316.0,7
165,2073.9868853583475,317.0,7
166,2073.9868853583475,318.0,7
167,2073.9868853583475,319.0,7
168,2073.9868853583475,320.0,7
169,2073.9868853583475,321.0,7
170,2068.660767231402,322.0,7
171,2068.660767231402,323.0,7
172,2068.660767231402,324.0,7
173,2068.660767231402,325.0,7
174,2068.660767231402,326.0,7
175,2062.347425236333,327.0,7
176,2062.347425236333,328.0,7
177,2062.347425236333,329.0,7
178,2062.347425236333,330.0,7
179,2062.347425236333,331.0,7
180,2058.817477155216,332.0,7
181,2058.817477155216,333.0,7
182,2058.817477155216,334.0,7
183,2058.817477155216,335.0,7
184,2058.817477155216,337.0,7
185,2056.512092625226,339.0,7
186,2056.512092625226,341.0,7
187,2056.512092625226,342.0,7
188,2056.512092625226,343.0,7
189,2056.512092625226,344.0,7
190,2052.6418033123427,345.0,7
191,2052.6418033123427,346.0,7
192,2052.6418033123427,348.0,7
193,2052.6418033123427,350.0,7
194,2052.6418033123427,352.0,7
195,2042.5975935677839,354.0,7
196,2042.5975935677839,356.0,7
197,2042.5975935677839,358.0,7
198,2042.5975935677839,360.0,7
199,2042.5975935677839,362.0,7
200,2035.2076173664477,364.0,7
201,2035.2076173664477,366.0,7
202,2035.2076173664477,368.0,7
203,2035.2076173664477,370.0,7
204,2035.2076173664477,371.0,7
205,2031.9046191734542,372.0,7
206,2031.9046191734542,373.0,7
207,2031.9046191734542,374.0,7
208,2031.9046191734542,375.0,7
209,2031.9046191734542,376.0,7
210,2023.51006599695,377.0,7
211,2023.51006599695,378.0,7
212,2023.51006599695,379.0,7
213,2023.51006599695,380.0,7
214,2023.51006599695,381.0,7
215,2019.317248205542,382.0,7
216,2019.317248205542,383.0,7
217,2019.317248205542,384.0,7
218,2019.317248205542,385.0,7
219,2019.317248205542,386.0,7
220,2016.086159199811,387.0,7
221,2016.086159199811,389.0,7
222,2016.086159199811,391.0,7
223,2016.086159199811,393.0,7
224,2016.086159199811,394.0,7
225,2013.7534501810178,395.0,7
226,2013.7534501810178,396.0,7
227,2013.7534501810178,397.0,7
228,2013.7534501810178,398.0,7
229,2013.7534501810178,399.0,7
230,2013.3050210738315,400.0,7
231,2013.3050210738315,401.0,7
232,2013.3050210738315,402.0,7
233,2013.3050210738315,403.0,7
234,2013.3050210738315,405.0,7
235,2009.8247916222429,407.0,7
236,2009.8247916222429,409.0,7
237,2009.8247916222429,411.0,7
238,2009.8247916222429,413.0,7
239,2009.8247916222429,415.0,7
240,2004.4680973796796,417.0,7
241,2004.4680973796796,419.0,7
242,2004.4680973796796,421.0,7
243,2004.4680973796796,423.0,7
244,2004.4680973796796,425.0,7
245,2002.8413533463713,427.0,7
246,2002.8413533463713,429.0,7
247,2002.8413533463713,431.0,7
248,2002.8413533463713,433.0,7
249,2002.8413533463713,435.0,7
250,2001.2657506145792,437.0,7
251,2001.2657506145792,439.0,7
252,2001.2657506145792,441.0,7
253,2001.2657506145792,443.0,7
254,2001.2657506145792,445.0,7
255,1999.650855908821,447.0,7
256,1999.650855908821,449.0,7
257,1999.650855908821,451.0,7
258,1999.650855908821,453.0,7
259,1999.650855908821,455.0,7
260,1995.765833190341,457.0,7
261,1995.765833190341,459.0,7
262,1995.765833190341,461.0,7
263,1995.765833190341,463.0,7
264,1995.765833190341,465.0,7
265,1996.7671387922774,467.0,7
266,1996.7671387922774,469.0,7
267,1996.7671387922774,471.0,7
268,1996.7671387922774,473.0,7
269,1996.7671387922774,475.0,7
270,1995.063781062494,477.0,7
271,1995.063781062494,479.0,7
272,1995.063781062494,481.0,7
273,1995.063781062494,483.0,7
274,1995.063781062494,485.0,7
275,1986.4727454150168,487.0,7
276,1986.4727454150168,489.0,7
277,1986.4727454150168,491.0,7
278,1986.4727454150168,493.0,7
279,1986.4727454150168,495.0,7
280,1979.123714842383,497.0,7
281,1979.123714842383,499.0,7
282,1979.123714842383,501.0,7
283,1979.123714842383,503.0,7
284,1979.123714842383,505.0,7
285,1973.70118578055,507.0,7
286,1973.70118578055,509.0,7
287,1973.70118578055,511.0,7
288,1973.70118578055,513.0,7
289,1973.70118578055,515.0,7
290,1973.0930593498765,517.0,7
291,1973.0930593498765,519.0,7
292,1973.0930593498765,521.0,7
293,1973.0930593498765,523.0,7
294,1973.0930593498765,525.0,7
295,1970.1151375713255,527.0,7
296,1970.1151375713255,529.0,7
297,1970.1151375713255,531.0,7
298,1970.1151375713255,533.0,7
299,1970.1151375713255,535.0,7
0,2410.1530387303783,0.0,8
1,2410.1530387303783,0.0,8
2,2410.1530387303783,1.0,8
3,2410.1530387303783,3.0,8
4,2410.1530387303783,5.0,8
5,2334.925118100691,7.0,8
6,2334.925118100691,9.0,8
7,2334.925118100691,11.0,8
8,2334.925118100691,13.0,8
9,2334.925118100691,15.0,8
10,2311.659712740832,17.0,8
11,2311.659712740832,19.0,8
12,2311.659712740832,21.0,8
13,2311.659712740832,23.0,8
14,2311.659712740832,25.0,8
15,2300.238172204826,27.0,8
16,2300.238172204826,29.0,8
17,2300.238172204826,31.0,8
18,2300.238172204826,33.0,8
19,2300.238172204826,35.0,8
20,2277.64813587602,37.0,8
21,2277.64813587602,39.0,8
22,2277.64813587602,41.0,8
23,2277.64813587602,43.0,8
24,2277.64813587602,45.0,8
25,2254.4587263532544,47.0,8
26,2254.4587263532544,49.0,8
27,2254.4587263532544,51.0,8
28,2254.4587263532544,53.0,8
29,2254.4587263532544,55.0,8
30,2236.717242893498,57.0,8
31,2236.717242893498,59.0,8
32,2236.717242893498,61.0,8
33,2236.717242893498,63.0,8
34,2236.717242893498,65.0,8
35,2220.7054036083764,67.0,8
36,2220.7054036083764,69.0,8
37,2220.7054036083764,71.0,8
38,2220.7054036083764,73.0,8
39,2220.7054036083764,75.0,8
40,2211.0180152495104,77.0,8
41,2211.0180152495104,79.0,8
42,2211.0180152495104,81.0,8
43,2211.0180152495104,83.0,8
44,2211.0180152495104,85.0,8
45,2188.3506485082944,87.0,8
46,2188.3506485082944,89.0,8
47,2188.3506485082944,91.0,8
48,2188.3506485082944,93.0,8
49,2188.3506485082944,95.0,8
50,2167.5232660917923,97.0,8
51,2167.5232660917923,99.0,8
52,2167.5232660917923,101.0,8
53,2167.5232660917923,103.0,8
54,2167.5232660917923,105.0,8
55,2151.357667757862,107.0,8
56,2151.357667757862,109.0,8
57,2151.357667757862,111.0,8
58,2151.357667757862,113.0,8
59,2151.357667757862,115.0,8
60,2133.4133976462117,117.0,8
61,2133.4133976462117,119.0,8
62,2133.4133976462117,121.0,8
63,2133.4133976462117,123.0,8
64,2133.4133976462117,125.0,8
65,2125.8172697197015,127.0,8
66,2125.8172697197015,129.0,8
67,2125.8172697197015,131.0,8
68,2125.8172697197015,133.0,8
69,2125.8172697197015,135.0,8
70,2120.1009621831327,137.0,8
71,2120.1009621831327,139.0,8
72,2120.1009621831327,141.0,8
73,2120.1009621831327,143.0,8
74,2120.1009621831327,145.0,8
75,2113.06934102762,147.0,8
76,2113.06934102762,149.0,8
77,2113.06934102762,151.0,8
78,2113.06934102762,153.0,8
79,2113.06934102762,155.0,8
80,2103.2964500017306,157.0,8
81,2103.2964500017306,159.0,8
82,2103.2964500017306,160.0,8
83,2103.2964500017306,162.0,8
84,2103.2964500017306,164.0,8
85,2088.5064030667927,166.0,8
86,2088.5064030667927,167.0,8
87,2088.5064030667927,168.0,8
88,2088.5064030667927,169.0,8
89,2088.5064030667927,170.0,8
90,2079.182622939192,171.0,8
91,2079.182622939192,172.0,8
92,2079.182622939192,173.0,8
93,2079.182622939192,174.0,8
94,2079.182622939192,175.0,8
95,2070.2151672743585,176.0,8
96,2070.2151672743585,177.0,8
97,2070.2151672743585,179.0,8
98,2070.2151672743585,181.0,8
99,2070.2151672743585,183.0,8
100,2061.938489613509,185.0,8
101,2061.938489613509,187.0,8
102,2061.938489613509,189.0,8
103,2061.938489613509,191.0,8
104,2061.938489613509,193.0,8
105,2053.5254483406716,195.0,8
106,2053.5254483406716,197.0,8
107,2053.5254483406716,199.0,8
108,2053.5254483406716,201.0,8
109,2053.5254483406716,203.0,8
110,2049.5299565542045,205.0,8
111,2049.5299565542045,207.0,8
112,2049.5299565542045,209.0,8
113,2049.5299565542045,211.0,8
114,2049.5299565542045,213.0,8
115,2046.2205427192202,215.0,8
116,2046.2205427192202,217.0,8
117,2046.2205427192202,219.0,8
118,2046.2205427192202,221.0,8
119,2046.2205427192202,223.0,8
120,2044.6510351714483,225.0,8
121,2044.6510351714483,227.0,8
122,2044.6510351714483,229.0,8
123,2044.6510351714483,231.0,8
124,2044.6510351714483,233.0,8
125,2043.5997338958073,235.0,8
126,2043.5997338958073,237.0,8
127,2043.5997338958073,239.0,8
128,2043.5997338958073,241.0,8
129,2043.5997338958073,243.0,8
130,2041.5522474482477,245.0,8
131,2041.5522474482477,247.0,8
132,2041.5522474482477,249.0,8
133,2041.5522474482477,251.0,8
134,2041.5522474482477,253.0,8
135,2038.2631064042803,254.0,8
136,2038.2631064042803,256.0,8
137,2038.2631064042803,258.0,8
138,2038.2631064042803,260.0,8
139,2038.2631064042803,262.0,8
140,2034.233359078392,264.0,8
141,2034.233359078392,266.0,8
142,2034.233359078392,268.0,8
143,2034.233359078392,270.0,8
144,2034.233359078392,272.0,8
145,2030.7666547782424,274.0,8
146,2030.7666547782424,276.0,8
147,2030.7666547782424,278.0,8
148,2030.7666547782424,280.0,8
149,2030.7666547782424,282.0,8
150,2029.0761697857624,284.0,8
151,2029.0761697857624,286.0,8
152,2029.0761697857624,288.0,8
153,2029.0761697857624,290.0,8
154,2029.0761697857624,292.0,8
155,2023.740409109028,294.0,8
156,2023.740409109028,296.0,8
157,2023.740409109028,298.0,8
158,2023.740409109028,300.0,8
159,2023.740409109028,302.0,8
160,2021.7016512950277,304.0,8
161,2021.7016512950277,306.0,8
162,2021.7016512950277,308.0,8
163,2021.7016512950277,310.0,8
164,2021.7016512950277,312.0,8
165,2016.3125685523105,314.0,8
166,2016.3125685523105,316.0,8
167,2016.3125685523105,318.0,8
168,2016.3125685523105,320.0,8
169,2016.3125685523105,322.0,8
170,2011.2596368121963,324.0,8
171,2011.2596368121963,326.0,8
172,2011.2596368121963,328.0,8
173,2011.2596368121963,330.0,8
174,2011.2596368121963,332.0,8
175,2008.3680225612932,334.0,8
176,2008.3680225612932,336.0,8
177,2008.3680225612932,338.0,8
178,2008.3680225612932,340.0,8
179,2008.3680225612932,342.0,8
180,2006.032557980724,344.0,8
181,2006.032557980724,346.0,8
182,2006.032557980724,348.0,8
183,2006.032557980724,350.0,8
184,2006.032557980724,352.0,8
185,2002.2250673857268,354.0,8
186,2002.2250673857268,356.0,8
187,2002.2250673857268,358.0,8
188,2002.2250673857268,360.0,8
189,2002.2250673857268,362.0,8
190,1997.210853797902,364.0,8
191,1997.210853797902,366.0,8
192,1997.210853797902,368.0,8
193,1997.210853797902,370.0,8
194,1997.210853797902,372.0,8
195,1996.992468844898,374.0,8
196,1996.992468844898,376.0,8
197,1996.992468844898,378.0,8
198,1996.992468844898,380.0,8
199,1996.992468844898,382.0,8
200,1996.3172238472619,384.0,8
201,1996.3172238472619,386.0,8
202,1996.3172238472619,388.0,8
203,1996.3172238472619,390.0,8
204,1996.3172238472619,392.0,8
205,1996.7355806692703,394.0,8
206,1996.7355806692703,396.0,8
207,1996.7355806692703,398.0,8
208,1996.7355806692703,400.0,8
209,1996.7355806692703,401.0,8
210,1998.15614463565,403.0,8
211,1998.15614463565,405.0,8
212,1998.15614463565,406.0,8
213,1998.15614463565,408.0,8
214,1998.15614463565,410.0,8
215,1996.6032527674297,412.0,8
216,1996.6032527674297,414.0,8
217,1996.6032527674297,416.0,8
218,1996.6032527674297,418.0,8
219,1996.6032527674297,420.0,8
220,1995.9467798255823,422.0,8
221,1995.9467798255823,424.0,8
222,1995.9467798255823,426.0,8
223,1995.9467798255823,428.0,8
224,1995.9467798255823,430.0,8
225,1994.0596376840836,432.0,8
226,1994.0596376840836,434.0,8
227,1994.0596376840836,436.0,8
228,1994.0596376840836,438.0,8
229,1994.0596376840836,440.0,8
230,1990.9303892702212,442.0,8
231,1990.9303892702212,444.0,8
232,1990.9303892702212,446.0,8
233,1990.9303892702212,448.0,8
234,1990.9303892702212,450.0,8
235,1988.4560224576176,452.0,8
236,1988.4560224576176,454.0,8
237,1988.4560224576176,456.0,8
238,1988.4560224576176,458.0,8
239,1988.4560224576176,460.0,8
240,1980.421198810967,462.0,8
241,1980.421198810967,464.0,8
242,1980.421198810967,466.0,8
243,1980.421198810967,468.0,8
244,1980.421198810967,470.0,8
245,1980.2622797068075,472.0,8
246,1980.2622797068075,474.0,8
247,1980.2622797068075,476.0,8
248,1980.2622797068075,478.0,8
249,1980.2622797068075,480.0,8
250,1980.1839962804718,482.0,8
251,1980.1839962804718,484.0,8
252,1980.1839962804718,486.0,8
253,1980.1839962804718,488.0,8
254,1980.1839962804718,490.0,8
255,1978.2375396037573,492.0,8
256,1978.2375396037573,493.0,8
257,1978.2375396037573,494.0,8
258,1978.2375396037573,495.0,8
259,1978.2375396037573,496.0,8
260,1974.5140167888321,498.0,8
261,1974.5140167888321,500.0,8
262,1974.5140167888321,502.0,8
263,1974.5140167888321,503.0,8
264,1974.5140167888321,504.0,8
265,1971.4994769465152,505.0,8
266,1971.4994769465152,506.0,8
267,1971.4994769465152,508.0,8
268,1971.4994769465152,510.0,8
269,1971.4994769465152,512.0,8
270,1967.2008730409652,514.0,8
271,1967.2008730409652,516.0,8
272,1967.2008730409652,518.0,8
273,1967.2008730409652,520.0,8
274,1967.2008730409652,522.0,8
275,1964.088214176325,524.0,8
276,1964.088214176325,526.0,8
277,1964.088214176325,528.0,8
278,1964.088214176325,530.0,8
279,1964.088214176325,532.0,8
280,1962.3709622450824,534.0,8
281,1962.3709622450824,536.0,8
282,1962.3709622450824,538.0,8
283,1962.3709622450824,540.0,8
284,1962.3709622450824,542.0,8
285,1961.3242744654244,544.0,8
286,1961.3242744654244,546.0,8
287,1961.3242744654244,548.0,8
288,1961.3242744654244,550.0,8
289,1961.3242744654244,552.0,8
290,1960.3972814631127,554.0,8
291,1960.3972814631127,556.0,8
292,1960.3972814631127,558.0,8
293,1960.3972814631127,560.0,8
294,1960.3972814631127,562.0,8
295,1960.6983677672424,564.0,8
296,1960.6983677672424,566.0,8
297,1960.6983677672424,568.0,8
298,1960.6983677672424,570.0,8
299,1960.6983677672424,572.0,8
0,2410.1530387303783,0.0,9
1,2410.1530387303783,0.0,9
2,2410.1530387303783,1.0,9
3,2410.1530387303783,3.0,9
4,2410.1530387303783,5.0,9
5,2340.7888035914825,7.0,9
6,2340.7888035914825,9.0,9
7,2340.7888035914825,11.0,9
8,2340.7888035914825,13.0,9
9,2340.7888035914825,15.0,9
10,2316.1977282775965,17.0,9
11,2316.1977282775965,19.0,9
12,2316.1977282775965,21.0,9
13,2316.1977282775965,23.0,9
14,2316.1977282775965,25.0,9
15,2292.864874955525,27.0,9
16,2292.864874955525,29.0,9
17,2292.864874955525,31.0,9
18,2292.864874955525,33.0,9
19,2292.864874955525,35.0,9
20,2266.4514376908232,37.0,9
21,2266.4514376908232,39.0,9
22,2266.4514376908232,41.0,9
23,2266.4514376908232,43.0,9
24,2266.4514376908232,45.0,9
25,2245.276489441894,47.0,9
26,2245.276489441894,49.0,9
27,2245.276489441894,51.0,9
28,2245.276489441894,53.0,9
29,2245.276489441894,55.0,9
30,2231.6014338550353,57.0,9
31,2231.6014338550353,59.0,9
32,2231.6014338550353,61.0,9
33,2231.6014338550353,63.0,9
34,2231.6014338550353,65.0,9
35,2213.159329432152,67.0,9
36,2213.159329432152,69.0,9
37,2213.159329432152,71.0,9
38,2213.159329432152,73.0,9
39,2213.159329432152,75.0,9
40,2202.321558329386,77.0,9
41,2202.321558329386,79.0,9
42,2202.321558329386,81.0,9
43,2202.321558329386,83.0,9
44,2202.321558329386,85.0,9
45,2174.922043339529,87.0,9
46,2174.922043339529,89.0,9
47,2174.922043339529,91.0,9
48,2174.922043339529,93.0,9
49,2174.922043339529,95.0,9
50,2158.406181364642,97.0,9
51,2158.406181364642,99.0,9
52,2158.406181364642,101.0,9
53,2158.406181364642,103.0,9
54,2158.406181364642,105.0,9
55,2147.6406966175277,107.0,9
56,2147.6406966175277,109.0,9
57,2147.6406966175277,111.0,9
58,2147.6406966175277,113.0,9
59,2147.6406966175277,115.0,9
60,2137.247484114535,117.0,9
61,2137.247484114535,119.0,9
62,2137.247484114535,121.0,9
63,2137.247484114535,123.0,9
64,2137.247484114535,125.0,9
65,2130.6254530327324,126.0,9
66,2130.6254530327324,128.0,9
67,2130.6254530327324,130.0,9
68,2130.6254530327324,132.0,9
69,2130.6254530327324,134.0,9
70,2124.8826500301666,136.0,9
71,2124.8826500301666,138.0,9
72,2124.8826500301666,140.0,9
73,2124.8826500301666,142.0,9
74,2124.8826500301666,144.0,9
75,2120.5302104687244,146.0,9
76,2120.5302104687244,148.0,9
77,2120.5302104687244,150.0,9
78,2120.5302104687244,152.0,9
79,2120.5302104687244,154.0,9
80,2119.005677761506,156.0,9
81,2119.005677761506,158.0,9
82,2119.005677761506,160.0,9
83,2119.005677761506,162.0,9
84,2119.005677761506,164.0,9
85,2113.397493373843,166.0,9
86,2113.397493373843,168.0,9
87,2113.397493373843,170.0,9
88,2113.397493373843,172.0,9
89,2113.397493373843,174.0,9
90,2102.920979758303,176.0,9
91,2102.920979758303,178.0,9
92,2102.920979758303,180.0,9
93,2102.920979758303,182.0,9
94,2102.920979758303,184.0,9
95,2088.133696309567,186.0,9
96,2088.133696309567,188.0,9
97,2088.133696309567,190.0,9
98,2088.133696309567,192.0,9
99,2088.133696309567,194.0,9
100,2075.700624807652,196.0,9
101,2075.700624807652,198.0,9
102,2075.700624807652,200.0,9
103,2075.700624807652,202.0,9
104,2075.700624807652,204.0,9
105,2060.750763674188,206.0,9
106,2060.750763674188,208.0,9
107,2060.750763674188,210.0,9
108,2060.750763674188,212.0,9
109,2060.750763674188,214.0,9
110,2056.5634660320434,216.0,9
111,2056.5634660320434,218.0,9
112,2056.5634660320434,220.0,9
113,2056.5634660320434,222.0,9
114,2056.5634660320434,224.0,9
115,2049.8513556639336,226.0,9
116,2049.8513556639336,228.0,9
117,2049.8513556639336,230.0,9
118,2049.8513556639336,232.0,9
119,2049.8513556639336,234.0,9
120,2045.266365340977,236.0,9
121,2045.266365340977,237.0,9
122,2045.266365340977,239.0,9
123,2045.266365340977,241.0,9
124,2045.266365340977,243.0,9
125,2040.5398069636904,245.0,9
126,2040.5398069636904,247.0,9
127,2040.5398069636904,249.0,9
128,2040.5398069636904,251.0,9
129,2040.5398069636904,253.0,9
130,2036.1139833920442,255.0,9
131,2036.1139833920442,257.0,9
132,2036.1139833920442,259.0,9
133,2036.1139833920442,261.0,9
134,2036.1139833920442,263.0,9
135,2031.8996766390267,265.0,9
136,2031.8996766390267,267.0,9
137,2031.8996766390267,269.0,9
138,2031.8996766390267,271.0,9
139,2031.8996766390267,273.0,9
140,2030.1197167762853,275.0,9
141,2030.1197167762853,277.0,9
142,2030.1197167762853,279.0,9
143,2030.1197167762853,281.0,9
144,2030.1197167762853,283.0,9
145,2030.4468564494969,285.0,9
146,2030.4468564494969,287.0,9
147,2030.4468564494969,289.0,9
148,2030.4468564494969,291.0,9
149,2030.4468564494969,293.0,9
150,2033.7680019266472,295.0,9
151,2033.7680019266472,297.0,9
152,2033.7680019266472,299.0,9
153,2033.7680019266472,301.0,9
154,2033.7680019266472,303.0,9
155,2030.7295536475895,305.0,9
156,2030.7295536475895,307.0,9
157,2030.7295536475895,309.0,9
158,2030.7295536475895,311.0,9
159,2030.7295536475895,313.0,9
160,2024.711216507283,315.0,9
161,2024.711216507283,317.0,9
162,2024.711216507283,319.0,9
163,2024.711216507283,321.0,9
164,2024.711216507283,323.0,9
165,2018.1685022252632,325.0,9
166,2018.1685022252632,327.0,9
167,2018.1685022252632,329.0,9
168,2018.1685022252632,331.0,9
169,2018.1685022252632,333.0,9
170,2016.9981794820046,335.0,9
171,2016.9981794820046,337.0,9
172,2016.9981794820046,339.0,9
173,2016.9981794820046,341.0,9
174,2016.9981794820046,343.0,9
175,2015.5615610443745,345.0,9
176,2015.5615610443745,347.0,9
177,2015.5615610443745,349.0,9
178,2015.5615610443745,351.0,9
179,2015.5615610443745,353.0,9
180,2011.8309453228974,355.0,9
181,2011.8309453228974,357.0,9
182,2011.8309453228974,359.0,9
183,2011.8309453228974,361.0,9
184,2011.8309453228974,363.0,9
185,2010.0335632683116,365.0,9
186,2010.0335632683116,367.0,9
187,2010.0335632683116,369.0,9
188,2010.0335632683116,371.0,9
189,2010.0335632683116,373.0,9
190,2010.1121395451653,375.0,9
191,2010.1121395451653,377.0,9
192,2010.1121395451653,379.0,9
193,2010.1121395451653,381.0,9
194,2010.1121395451653,383.0,9
195,2007.1009662156823,385.0,9
196,2007.1009662156823,387.0,9
197,2007.1009662156823,389.0,9
198,2007.1009662156823,391.0,9
199,2007.1009662156823,393.0,9
200,2004.342661971897,395.0,9
201,2004.342661971897,397.0,9
202,2004.342661971897,399.0,9
203,2004.342661971897,401.0,9
204,2004.342661971897,403.0,9
205,2000.128056147324,405.0,9
206,2000.128056147324,407.0,9
207,2000.128056147324,409.0,9
208,2000.128056147324,411.0,9
209,2000.128056147324,413.0,9
210,1998.6083908537682,415.0,9
211,1998.6083908537682,417.0,9
212,1998.6083908537682,419.0,9
213,1998.6083908537682,421.0,9
214,1998.6083908537682,423.0,9
215,1994.7069262031305,425.0,9
216,1994.7069262031305,427.0,9
217,1994.7069262031305,429.0,9
218,1994.7069262031305,431.0,9
219,1994.7069262031305,432.0,9
220,1990.1507875071366,434.0,9
221,1990.1507875071366,435.0,9
222,1990.1507875071366,436.0,9
223,1990.1507875071366,437.0,9
224,1990.1507875071366,438.0,9
225,1985.8649583449615,440.0,9
226,1985.8649583449615,442.0,9
227,1985.8649583449615,444.0,9
228,1985.8649583449615,446.0,9
229,1985.8649583449615,448.0,9
230,1981.2126991348653,450.0,9
231,1981.2126991348653,452.0,9
232,1981.2126991348653,454.0,9
233,1981.2126991348653,456.0,9
234,1981.2126991348653,458.0,9
235,1975.333576530902,460.0,9
236,1975.333576530902,462.0,9
237,1975.333576530902,464.0,9
238,1975.333576530902,466.0,9
239,1975.333576530902,468.0,9
240,1974.7608528206138,470.0,9
241,1974.7608528206138,472.0,9
242,1974.7608528206138,473.0,9
243,1974.7608528206138,474.0,9
244,1974.7608528206138,476.0,9
245,1972.5713175097626,478.0,9
246,1972.5713175097626,480.0,9
247,1972.5713175097626,482.0,9
248,1972.5713175097626,484.0,9
249,1972.5713175097626,486.0,9
250,1967.9751332565797,487.0,9
251,1967.9751332565797,488.0,9
252,1967.9751332565797,489.0,9
253,1967.9751332565797,490.0,9
254,1967.9751332565797,491.0,9
255,1966.6818046907129,491.0,9
256,1966.6818046907129,492.0,9
257,1966.6818046907129,493.0,9
258,1966.6818046907129,494.0,9
259,1966.6818046907129,495.0,9
260,1961.759970978985,496.0,9
261,1961.759970978985,497.0,9
262,1961.759970978985,498.0,9
263,1961.759970978985,499.0,9
264,1961.759970978985,500.0,9
265,1962.3272459722841,501.0,9
266,1962.3272459722841,502.0,9
267,1962.3272459722841,503.0,9
268,1962.3272459722841,504.0,9
269,1962.3272459722841,505.0,9
270,1965.0830592019747,506.0,9
271,1965.0830592019747,507.0,9
272,1965.0830592019747,508.0,9
273,1965.0830592019747,509.0,9
274,1965.0830592019747,510.0,9
275,1965.550359961301,511.0,9
276,1965.550359961301,512.0,9
277,1965.550359961301,513.0,9
278,1965.550359961301,514.0,9
279,1965.550359961301,515.0,9
280,1964.5170697207896,516.0,9
281,1964.5170697207896,517.0,9
282,1964.5170697207896,519.0,9
283,1964.5170697207896,521.0,9
284,1964.5170697207896,523.0,9
285,1957.9232865950394,525.0,9
286,1957.9232865950394,527.0,9
287,1957.9232865950394,529.0,9
288,1957.9232865950394,531.0,9
289,1957.9232865950394,533.0,9
290,1949.9705839522971,535.0,9
291,1949.9705839522971,537.0,9
292,1949.9705839522971,539.0,9
293,1949.9705839522971,541.0,9
294,1949.9705839522971,543.0,9
295,1953.3456630542755,545.0,9
296,1953.3456630542755,547.0,9
297,1953.3456630542755,549.0,9
298,1953.3456630542755,551.0,9
299,1953.3456630542755,553.0,9
