run_idx,step,J,true_crop_sum,calibrator_theta,calibrator_w,calibrator_b,calibrator_learned_threshold,calibrator_num_samples,ugv0_y,ugv0_x,ugv0_mu,ugv0_var,ugv0_prob,ugv0_visited_count,ugv0_visited_mu_sum,ugv0_visited_var_sum,ugv0_visited_prob_sum,ugv0_reachable_rmse,ugv0_reachable_mae,ugv0_reachable_var,ugv0_reachable_calib,ugv0_reachable_cell_count,ugv0_path_rmse,ugv0_path_mae,ugv0_path_var,ugv0_target_error,ugv0_target_var,ugv0_path_true_sum,ugv0_path_mu_sum,ugv0_path_var_sum,ugv0_path_prob_sum,ugv0_path_expected_sum,ugv0_target_true,ugv0_target_mu,ugv0_target_prob,ugv0_target_expected,ugv1_y,ugv1_x,ugv1_mu,ugv1_var,ugv1_prob,ugv1_visited_count,ugv1_visited_mu_sum,ugv1_visited_var_sum,ugv1_visited_prob_sum,ugv1_reachable_rmse,ugv1_reachable_mae,ugv1_reachable_var,ugv1_reachable_calib,ugv1_reachable_cell_count,ugv1_path_rmse,ugv1_path_mae,ugv1_path_var,ugv1_target_error,ugv1_target_var,ugv1_path_true_sum,ugv1_path_mu_sum,ugv1_path_var_sum,ugv1_path_prob_sum,ugv1_path_expected_sum,ugv1_target_true,ugv1_target_mu,ugv1_target_prob,ugv1_target_expected
0,0,858.6629059174129,6.804414051138603,2.0,1.0,-2.0,2.0,2,19,14,0.18204086544536605,0.984128555786366,0.1759637464942276,2,0.2527984576159123,1.981792206702934,0.3390673915177653,3.4270057565504977,3.1889236246179697,0.9060670997338551,10.838301355696391,103,4.807663990026483,4.665507586545732,0.7503233192294199,2.9879303646400643,0.9323841998691688,46.14002048777103,13.481467381950909,5.252263234605939,3.443443098268745,7.774017615936005,3.422982782298016,0.4350524176579514,0.20768947425038936,0.09035580789474074,10,12,0.08678675234309191,0.9612786780881666,0.16381440473623082,2,0.15754434451363813,1.9589423290047345,0.32691804975976857,3.444415052799168,3.281956851400341,0.9112454934167598,10.952749562532736,104,2.837357681998057,2.8117764928861066,0.7380598136990159,3.1904165079507147,0.8966327131437307,24.82307250809026,5.140637057887511,5.166418695893111,1.7634510104492085,1.4339821689520056,3.381431268840587,0.19101476088987243,0.1742626454858802,0.03328673755952201
0,1,856.958597394163,6.804414051138603,2.0,1.0,-2.0,2.0,2,19,15,0.5751049153935208,0.9248967008606049,0.2278660996207641,3,0.9892468348920649,2.904381884353183,0.5866556533859093,3.846389753918569,3.485769789376608,0.8915370257102646,13.903177113339485,100,4.9742787860023245,4.9024073284944345,0.7025833287753629,3.4322567152352734,0.8144233798426557,49.14622304992375,14.8293717504627,4.91808330142754,3.6901020091196757,8.352385640722748,4.454420983769452,1.0221642685341787,0.29919089295956536,0.3058222402541019,11,12,0.5188427284165614,0.885756876482786,0.21826597178160506,3,0.9481361505771655,2.839536667594876,0.578207634486712,3.119266104011098,2.973187770086541,0.8878839172110372,8.84193711042154,101,2.763665525238877,2.7589516476564877,0.7091604396536754,2.8509729297604025,0.8142289747410807,26.38825399958983,7.075592465994413,4.964123077575728,2.0640319251008927,2.105017299042871,3.596924180193084,0.7459512504326814,0.251314480292873,0.18746835082630808
0,2,856.958597394163,6.804414051138603,2.0,1.0,-2.0,2.0,2,19,15,0.5751049153935208,0.9248967008606049,0.2278660996207641,3,0.9892468348920649,2.904381884353183,0.5866556533859093,3.846389753918569,3.485769789376608,0.8915370257102646,13.903177113339485,100,4.9742787860023245,4.9024073284944345,0.7025833287753629,3.4322567152352734,0.8144233798426557,49.14622304992375,14.8293717504627,4.91808330142754,3.6901020091196757,8.352385640722748,4.454420983769452,1.0221642685341787,0.29919089295956536,0.3058222402541019,11,12,0.5188427284165614,0.885756876482786,0.21826597178160506,3,0.9481361505771655,2.839536667594876,0.578207634486712,3.119266104011098,2.973187770086541,0.8878839172110372,8.84193711042154,101,2.763665525238877,2.7589516476564877,0.7091604396536754,2.8509729297604025,0.8142289747410807,26.38825399958983,7.075592465994413,4.964123077575728,2.0640319251008927,2.105017299042871,3.596924180193084,0.7459512504326814,0.251314480292873,0.18746835082630808
0,3,856.958597394163,6.804414051138603,2.0,1.0,-2.0,2.0,2,19,15,0.5751049153935208,0.9248967008606049,0.2278660996207641,3,0.9892468348920649,2.904381884353183,0.5866556533859093,3.846389753918569,3.485769789376608,0.8915370257102646,13.903177113339485,100,4.9742787860023245,4.9024073284944345,0.7025833287753629,3.4322567152352734,0.8144233798426557,49.14622304992375,14.8293717504627,4.91808330142754,3.6901020091196757,8.352385640722748,4.454420983769452,1.0221642685341787,0.29919089295956536,0.3058222402541019,11,12,0.5188427284165614,0.885756876482786,0.21826597178160506,3,0.9481361505771655,2.839536667594876,0.578207634486712,3.119266104011098,2.973187770086541,0.8878839172110372,8.84193711042154,101,2.763665525238877,2.7589516476564877,0.7091604396536754,2.8509729297604025,0.8142289747410807,26.38825399958983,7.075592465994413,4.964123077575728,2.0640319251008927,2.105017299042871,3.596924180193084,0.7459512504326814,0.251314480292873,0.18746835082630808
0,4,856.958597394163,6.804414051138603,2.0,1.0,-2.0,2.0,2,19,15,0.5751049153935208,0.9248967008606049,0.2278660996207641,3,0.9892468348920649,2.904381884353183,0.5866556533859093,3.846389753918569,3.485769789376608,0.8915370257102646,13.903177113339485,100,4.9742787860023245,4.9024073284944345,0.7025833287753629,3.4322567152352734,0.8144233798426557,49.14622304992375,14.8293717504627,4.91808330142754,3.6901020091196757,8.352385640722748,4.454420983769452,1.0221642685341787,0.29919089295956536,0.3058222402541019,11,12,0.5188427284165614,0.885756876482786,0.21826597178160506,3,0.9481361505771655,2.839536667594876,0.578207634486712,3.119266104011098,2.973187770086541,0.8878839172110372,8.84193711042154,101,2.763665525238877,2.7589516476564877,0.7091604396536754,2.8509729297604025,0.8142289747410807,26.38825399958983,7.075592465994413,4.964123077575728,2.0640319251008927,2.105017299042871,3.596924180193084,0.7459512504326814,0.251314480292873,0.18746835082630808
0,5,856.958597394163,6.804414051138603,2.0,1.0,-2.0,2.0,2,19,15,0.5751049153935208,0.9248967008606049,0.2278660996207641,3,0.9892468348920649,2.904381884353183,0.5866556533859093,3.846389753918569,3.485769789376608,0.8915370257102646,13.903177113339485,100,4.9742787860023245,4.9024073284944345,0.7025833287753629,3.4322567152352734,0.8144233798426557,49.14622304992375,14.8293717504627,4.91808330142754,3.6901020091196757,8.352385640722748,4.454420983769452,1.0221642685341787,0.29919089295956536,0.3058222402541019,11,12,0.5188427284165614,0.885756876482786,0.21826597178160506,3,0.9481361505771655,2.839536667594876,0.578207634486712,3.119266104011098,2.973187770086541,0.8878839172110372,8.84193711042154,101,2.763665525238877,2.7589516476564877,0.7091604396536754,2.8509729297604025,0.8142289747410807,26.38825399958983,7.075592465994413,4.964123077575728,2.0640319251008927,2.105017299042871,3.596924180193084,0.7459512504326814,0.251314480292873,0.18746835082630808
0,6,845.2428062490819,6.804414051138603,2.0,1.0,-2.0,2.0,2,19,15,0.43326684076821637,0.9150659784886256,0.20688814928962196,3,0.7762606810795238,2.8738413331709296,0.5559281999121584,3.7221936947832477,3.452529855240117,0.8745416205925047,12.980184280891663,100,5.405208727436862,5.2972745160162,0.700135008767873,3.5806684285893606,0.802102267545381,53.62012176964749,16.539200157534097,4.900945061375111,4.009146223688485,10.62870992939282,4.454420983769452,0.8737525551800918,0.27246734524079425,0.2380690391072802,11,12,0.33856712528805066,0.8799807017120639,0.1927426000555916,3,0.6491638626288487,2.813962255864815,0.5370481667690187,3.1067696274814645,2.96679187442182,0.8770291575265152,8.7749883607148,101,2.785187360493387,2.777798594607273,0.6983180978720563,2.971822489830896,0.7971394220269534,26.801459815266995,7.356869653016083,4.888226685104394,2.120277434893488,2.277417789078105,3.596924180193084,0.6251016903621882,0.23149928742775175,0.14471059588872967
0,7,845.2428062490819,6.804414051138603,2.0,1.0,-2.0,2.0,2,19,15,0.43326684076821637,0.9150659784886256,0.20688814928962196,3,0.7762606810795238,2.8738413331709296,0.5559281999121584,3.7221936947832477,3.452529855240117,0.8745416205925047,12.980184280891663,100,5.405208727436862,5.2972745160162,0.700135008767873,3.5806684285893606,0.802102267545381,53.62012176964749,16.539200157534097,4.900945061375111,4.009146223688485,10.62870992939282,4.454420983769452,0.8737525551800918,0.27246734524079425,0.2380690391072802,11,12,0.33856712528805066,0.8799807017120639,0.1927426000555916,3,0.6491638626288487,2.813962255864815,0.5370481667690187,3.1067696274814645,2.96679187442182,0.8770291575265152,8.7749883607148,101,2.785187360493387,2.777798594607273,0.6983180978720563,2.971822489830896,0.7971394220269534,26.801459815266995,7.356869653016083,4.888226685104394,2.120277434893488,2.277417789078105,3.596924180193084,0.6251016903621882,0.23149928742775175,0.14471059588872967
0,8,845.2428062490819,6.804414051138603,2.0,1.0,-2.0,2.0,2,19,15,0.43326684076821637,0.9150659784886256,0.20688814928962196,3,0.7762606810795238,2.8738413331709296,0.5559281999121584,3.7221936947832477,3.452529855240117,0.8745416205925047,12.980184280891663,100,5.405208727436862,5.2972745160162,0.700135008767873,3.5806684285893606,0.802102267545381,53.62012176964749,16.539200157534097,4.900945061375111,4.009146223688485,10.62870992939282,4.454420983769452,0.8737525551800918,0.27246734524079425,0.2380690391072802,11,12,0.33856712528805066,0.8799807017120639,0.1927426000555916,3,0.6491638626288487,2.813962255864815,0.5370481667690187,3.1067696274814645,2.96679187442182,0.8770291575265152,8.7749883607148,101,2.785187360493387,2.777798594607273,0.6983180978720563,2.971822489830896,0.7971394220269534,26.801459815266995,7.356869653016083,4.888226685104394,2.120277434893488,2.277417789078105,3.596924180193084,0.6251016903621882,0.23149928742775175,0.14471059588872967
0,9,845.2428062490819,6.804414051138603,2.0,1.0,-2.0,2.0,2,19,15,0.43326684076821637,0.9150659784886256,0.20688814928962196,3,0.7762606810795238,2.8738413331709296,0.5559281999121584,3.7221936947832477,3.452529855240117,0.8745416205925047,12.980184280891663,100,5.405208727436862,5.2972745160162,0.700135008767873,3.5806684285893606,0.802102267545381,53.62012176964749,16.539200157534097,4.900945061375111,4.009146223688485,10.62870992939282,4.454420983769452,0.8737525551800918,0.27246734524079425,0.2380690391072802,11,12,0.33856712528805066,0.8799807017120639,0.1927426000555916,3,0.6491638626288487,2.813962255864815,0.5370481667690187,3.1067696274814645,2.96679187442182,0.8770291575265152,8.7749883607148,101,2.785187360493387,2.777798594607273,0.6983180978720563,2.971822489830896,0.7971394220269534,26.801459815266995,7.356869653016083,4.888226685104394,2.120277434893488,2.277417789078105,3.596924180193084,0.6251016903621882,0.23149928742775175,0.14471059588872967
0,10,845.2428062490819,14.855759215101141,2.0,1.0,-2.0,2.0,4,19,15,0.43326684076821637,0.9150659784886256,0.20688814928962196,3,0.7762606810795238,2.8738413331709296,0.5559281999121584,3.7221936947832477,3.452529855240117,0.8745416205925047,12.980184280891663,100,5.405208727436862,5.2972745160162,0.700135008767873,3.5806684285893606,0.802102267545381,53.62012176964749,16.539200157534097,4.900945061375111,4.009146223688485,10.62870992939282,4.454420983769452,0.8737525551800918,0.27246734524079425,0.2380690391072802,11,12,0.33856712528805066,0.8799807017120639,0.1927426000555916,3,0.6491638626288487,2.813962255864815,0.5370481667690187,3.1067696274814645,2.96679187442182,0.8770291575265152,8.7749883607148,101,2.785187360493387,2.777798594607273,0.6983180978720563,2.971822489830896,0.7971394220269534,26.801459815266995,7.356869653016083,4.888226685104394,2.120277434893488,2.277417789078105,3.596924180193084,0.6251016903621882,0.23149928742775175,0.14471059588872967
0,11,833.0456284610739,14.855759215101141,2.0,1.0,-2.0,2.0,4,19,16,1.006078686013541,0.800604102241346,0.29589152029395405,4,2.9264724075720814,3.5292585683189017,1.019972778016219,3.981071370661102,3.6844365990795787,0.8468312796917368,15.002097978605727,97,5.664352429194192,5.601760182886374,0.6763553898475727,4.011787062738167,0.7093107567840417,58.13990324155577,18.92758196135115,4.734487728933009,4.502068921183825,12.781898105424025,5.515023755465166,1.5032366927269996,0.39190050201482607,0.5891192145268179,12,12,1.360124704148289,0.668712005229836,0.3613618050671082,4,4.162924842714682,2.999902275176496,1.2117756579315668,2.79586690551727,2.67277667893891,0.8067784938172843,7.01617307647391,98,2.55703670727973,2.554269299800565,0.6871860545902203,2.443716391372755,0.6708692710949503,28.192711036590712,10.31282593798676,4.8103023821315425,2.6985219632079307,3.991162027039826,3.9553548106090837,1.5116384192363286,0.3930587966295182,0.5941627780039784
0,12,833.0456284610739,14.855759215101141,2.0,1.0,-2.0,2.0,4,19,16,1.006078686013541,0.800604102241346,0.29589152029395405,4,2.9264724075720814,3.5292585683189017,1.019972778016219,3.981071370661102,3.6844365990795787,0.8468312796917368,15.002097978605727,97,5.664352429194192,5.601760182886374,0.6763553898475727,4.011787062738167,0.7093107567840417,58.13990324155577,18.92758196135115,4.734487728933009,4.502068921183825,12.781898105424025,5.515023755465166,1.5032366927269996,0.39190050201482607,0.5891192145268179,12,12,1.360124704148289,0.668712005229836,0.3613618050671082,4,4.162924842714682,2.999902275176496,1.2117756579315668,2.79586690551727,2.67277667893891,0.8067784938172843,7.01617307647391,98,2.55703670727973,2.554269299800565,0.6871860545902203,2.443716391372755,0.6708692710949503,28.192711036590712,10.31282593798676,4.8103023821315425,2.6985219632079307,3.991162027039826,3.9553548106090837,1.5116384192363286,0.3930587966295182,0.5941627780039784
0,13,833.0456284610739,14.855759215101141,2.0,1.0,-2.0,2.0,4,19,16,1.006078686013541,0.800604102241346,0.29589152029395405,4,2.9264724075720814,3.5292585683189017,1.019972778016219,3.981071370661102,3.6844365990795787,0.8468312796917368,15.002097978605727,97,5.664352429194192,5.601760182886374,0.6763553898475727,4.011787062738167,0.7093107567840417,58.13990324155577,18.92758196135115,4.734487728933009,4.502068921183825,12.781898105424025,5.515023755465166,1.5032366927269996,0.39190050201482607,0.5891192145268179,12,12,1.360124704148289,0.668712005229836,0.3613618050671082,4,4.162924842714682,2.999902275176496,1.2117756579315668,2.79586690551727,2.67277667893891,0.8067784938172843,7.01617307647391,98,2.55703670727973,2.554269299800565,0.6871860545902203,2.443716391372755,0.6708692710949503,28.192711036590712,10.31282593798676,4.8103023821315425,2.6985219632079307,3.991162027039826,3.9553548106090837,1.5116384192363286,0.3930587966295182,0.5941627780039784
0,14,833.0456284610739,14.855759215101141,2.0,1.0,-2.0,2.0,4,19,16,1.006078686013541,0.800604102241346,0.29589152029395405,4,2.9264724075720814,3.5292585683189017,1.019972778016219,3.981071370661102,3.6844365990795787,0.8468312796917368,15.002097978605727,97,5.664352429194192,5.601760182886374,0.6763553898475727,4.011787062738167,0.7093107567840417,58.13990324155577,18.92758196135115,4.734487728933009,4.502068921183825,12.781898105424025,5.515023755465166,1.5032366927269996,0.39190050201482607,0.5891192145268179,12,12,1.360124704148289,0.668712005229836,0.3613618050671082,4,4.162924842714682,2.999902275176496,1.2117756579315668,2.79586690551727,2.67277667893891,0.8067784938172843,7.01617307647391,98,2.55703670727973,2.554269299800565,0.6871860545902203,2.443716391372755,0.6708692710949503,28.192711036590712,10.31282593798676,4.8103023821315425,2.6985219632079307,3.991162027039826,3.9553548106090837,1.5116384192363286,0.3930587966295182,0.5941627780039784
0,15,833.0456284610739,14.855759215101141,2.0,1.0,-2.0,2.0,4,19,16,1.006078686013541,0.800604102241346,0.29589152029395405,4,2.9264724075720814,3.5292585683189017,1.019972778016219,3.981071370661102,3.6844365990795787,0.8468312796917368,15.002097978605727,97,5.664352429194192,5.601760182886374,0.6763553898475727,4.011787062738167,0.7093107567840417,58.13990324155577,18.92758196135115,4.734487728933009,4.502068921183825,12.781898105424025,5.515023755465166,1.5032366927269996,0.39190050201482607,0.5891192145268179,12,12,1.360124704148289,0.668712005229836,0.3613618050671082,4,4.162924842714682,2.999902275176496,1.2117756579315668,2.79586690551727,2.67277667893891,0.8067784938172843,7.01617307647391,98,2.55703670727973,2.554269299800565,0.6871860545902203,2.443716391372755,0.6708692710949503,28.192711036590712,10.31282593798676,4.8103023821315425,2.6985219632079307,3.991162027039826,3.9553548106090837,1.5116384192363286,0.3930587966295182,0.5941627780039784
0,16,819.5013809059999,14.855759215101141,2.0,1.0,-2.0,2.0,4,19,16,1.1263382609107015,0.7993045719159587,0.31817052581921107,4,3.6896437922252296,3.4344832231813034,1.1652099989684728,3.7749015110580855,3.4819992656920618,0.8186448719307666,13.431236546257855,97,5.801576302518464,5.70542068869865,0.6793951923649916,3.816633551519841,0.7073824045042653,58.983382314494236,19.04543749360369,4.755766346554941,4.539146491787529,12.775206340802299,5.515023755465166,1.6983902039453256,0.43368831013511494,0.7365719774990814,12,12,1.312359241150521,0.6682205520008294,0.35159987885655825,4,5.261215178851796,2.8957569146921522,1.4181858219125454,2.5885923228643146,2.475042145282314,0.7773643425722349,5.928886645473641,98,2.4502167163917226,2.446376316325175,0.6728322026715278,2.617741302886156,0.6692449020824364,28.082350870032226,10.957716655756006,4.709825418700694,2.834041788879979,4.463229696465111,3.9553548106090837,1.337613507722928,0.35676256425741415,0.47721042500058625
0,17,819.5013809059999,14.855759215101141,2.0,1.0,-2.0,2.0,4,19,16,1.1263382609107015,0.7993045719159587,0.31817052581921107,4,3.6896437922252296,3.4344832231813034,1.1652099989684728,3.7749015110580855,3.4819992656920618,0.8186448719307666,13.431236546257855,97,5.801576302518464,5.70542068869865,0.6793951923649916,3.816633551519841,0.7073824045042653,58.983382314494236,19.04543749360369,4.755766346554941,4.539146491787529,12.775206340802299,5.515023755465166,1.6983902039453256,0.43368831013511494,0.7365719774990814,12,12,1.312359241150521,0.6682205520008294,0.35159987885655825,4,5.261215178851796,2.8957569146921522,1.4181858219125454,2.5885923228643146,2.475042145282314,0.7773643425722349,5.928886645473641,98,2.4502167163917226,2.446376316325175,0.6728322026715278,2.617741302886156,0.6692449020824364,28.082350870032226,10.957716655756006,4.709825418700694,2.834041788879979,4.463229696465111,3.9553548106090837,1.337613507722928,0.35676256425741415,0.47721042500058625
0,18,819.5013809059999,14.855759215101141,2.0,1.0,-2.0,2.0,4,19,16,1.1263382609107015,0.7993045719159587,0.31817052581921107,4,3.6896437922252296,3.4344832231813034,1.1652099989684728,3.7749015110580855,3.4819992656920618,0.8186448719307666,13.431236546257855,97,5.801576302518464,5.70542068869865,0.6793951923649916,3.816633551519841,0.7073824045042653,58.983382314494236,19.04543749360369,4.755766346554941,4.539146491787529,12.775206340802299,5.515023755465166,1.6983902039453256,0.43368831013511494,0.7365719774990814,12,12,1.312359241150521,0.6682205520008294,0.35159987885655825,4,5.261215178851796,2.8957569146921522,1.4181858219125454,2.5885923228643146,2.475042145282314,0.7773643425722349,5.928886645473641,98,2.4502167163917226,2.446376316325175,0.6728322026715278,2.617741302886156,0.6692449020824364,28.082350870032226,10.957716655756006,4.709825418700694,2.834041788879979,4.463229696465111,3.9553548106090837,1.337613507722928,0.35676256425741415,0.47721042500058625
0,19,819.5013809059999,14.855759215101141,2.0,1.0,-2.0,2.0,4,19,16,1.1263382609107015,0.7993045719159587,0.31817052581921107,4,3.6896437922252296,3.4344832231813034,1.1652099989684728,3.7749015110580855,3.4819992656920618,0.8186448719307666,13.431236546257855,97,5.801576302518464,5.70542068869865,0.6793951923649916,3.816633551519841,0.7073824045042653,58.983382314494236,19.04543749360369,4.755766346554941,4.539146491787529,12.775206340802299,5.515023755465166,1.6983902039453256,0.43368831013511494,0.7365719774990814,12,12,1.312359241150521,0.6682205520008294,0.35159987885655825,4,5.261215178851796,2.8957569146921522,1.4181858219125454,2.5885923228643146,2.475042145282314,0.7773643425722349,5.928886645473641,98,2.4502167163917226,2.446376316325175,0.6728322026715278,2.617741302886156,0.6692449020824364,28.082350870032226,10.957716655756006,4.709825418700694,2.834041788879979,4.463229696465111,3.9553548106090837,1.337613507722928,0.35676256425741415,0.47721042500058625
0,20,819.5013809059999,24.32613778117539,2.0,1.0,-2.0,2.0,6,19,16,1.1263382609107015,0.7993045719159587,0.31817052581921107,4,3.6896437922252296,3.4344832231813034,1.1652099989684728,3.7749015110580855,3.4819992656920618,0.8186448719307666,13.431236546257855,97,5.801576302518464,5.70542068869865,0.6793951923649916,3.816633551519841,0.7073824045042653,58.983382314494236,19.04543749360369,4.755766346554941,4.539146491787529,12.775206340802299,5.515023755465166,1.6983902039453256,0.43368831013511494,0.7365719774990814,12,12,1.312359241150521,0.6682205520008294,0.35159987885655825,4,5.261215178851796,2.8957569146921522,1.4181858219125454,2.5885923228643146,2.475042145282314,0.7773643425722349,5.928886645473641,98,2.4502167163917226,2.446376316325175,0.6728322026715278,2.617741302886156,0.6692449020824364,28.082350870032226,10.957716655756006,4.709825418700694,2.834041788879979,4.463229696465111,3.9553548106090837,1.337613507722928,0.35676256425741415,0.47721042500058625
0,21,805.7712306958731,24.32613778117539,2.0,1.0,-2.0,2.0,6,19,17,1.696110367945783,0.6956491297648375,0.4330737003687398,5,5.607628455890057,4.003222048626897,1.645413815574087,4.193327518235011,3.837392434094718,0.7579415815993252,16.82605409358768,94,5.951404308291474,5.918188543815505,0.6685577024799059,4.605352810446632,0.670298544006653,61.92193328743699,20.494613480728457,4.679903917359341,4.843051901007196,14.349832246799135,6.811772066287295,2.2064192558406623,0.5457858637585978,1.2042324393625985,13,12,1.4016454212679366,0.6688450746269,0.3699349400919193,5,6.707764994217372,3.4600977978920313,1.8029889220707898,2.4248432711758587,2.3431195105765856,0.7474044136283915,5.135217864432414,93,2.051125016886724,2.0222597638174302,0.5509052191139961,2.490552245424718,0.6668483098578575,27.527344740455323,13.371526393733307,3.856336533797973,3.3688259031949586,6.629266517724198,3.9494437579074706,1.4588915124827526,0.38185070517244507,0.557078752811634
0,22,805.7712306958731,24.32613778117539,2.0,1.0,-2.0,2.0,6,19,17,1.696110367945783,0.6956491297648375,0.4330737003687398,5,5.607628455890057,4.003222048626897,1.645413815574087,4.193327518235011,3.837392434094718,0.7579415815993252,16.82605409358768,94,5.951404308291474,5.918188543815505,0.6685577024799059,4.605352810446632,0.670298544006653,61.92193328743699,20.494613480728457,4.679903917359341,4.843051901007196,14.349832246799135,6.811772066287295,2.2064192558406623,0.5457858637585978,1.2042324393625985,13,12,1.4016454212679366,0.6688450746269,0.3699349400919193,5,6.707764994217372,3.4600977978920313,1.8029889220707898,2.4248432711758587,2.3431195105765856,0.7474044136283915,5.135217864432414,93,2.051125016886724,2.0222597638174302,0.5509052191139961,2.490552245424718,0.6668483098578575,27.527344740455323,13.371526393733307,3.856336533797973,3.3688259031949586,6.629266517724198,3.9494437579074706,1.4588915124827526,0.38185070517244507,0.557078752811634
0,23,805.7712306958731,24.32613778117539,2.0,1.0,-2.0,2.0,6,19,17,1.696110367945783,0.6956491297648375,0.4330737003687398,5,5.607628455890057,4.003222048626897,1.645413815574087,4.193327518235011,3.837392434094718,0.7579415815993252,16.82605409358768,94,5.951404308291474,5.918188543815505,0.6685577024799059,4.605352810446632,0.670298544006653,61.92193328743699,20.494613480728457,4.679903917359341,4.843051901007196,14.349832246799135,6.811772066287295,2.2064192558406623,0.5457858637585978,1.2042324393625985,13,12,1.4016454212679366,0.6688450746269,0.3699349400919193,5,6.707764994217372,3.4600977978920313,1.8029889220707898,2.4248432711758587,2.3431195105765856,0.7474044136283915,5.135217864432414,93,2.051125016886724,2.0222597638174302,0.5509052191139961,2.490552245424718,0.6668483098578575,27.527344740455323,13.371526393733307,3.856336533797973,3.3688259031949586,6.629266517724198,3.9494437579074706,1.4588915124827526,0.38185070517244507,0.557078752811634
0,24,805.7712306958731,24.32613778117539,2.0,1.0,-2.0,2.0,6,19,17,1.696110367945783,0.6956491297648375,0.4330737003687398,5,5.607628455890057,4.003222048626897,1.645413815574087,4.193327518235011,3.837392434094718,0.7579415815993252,16.82605409358768,94,5.951404308291474,5.918188543815505,0.6685577024799059,4.605352810446632,0.670298544006653,61.92193328743699,20.494613480728457,4.679903917359341,4.843051901007196,14.349832246799135,6.811772066287295,2.2064192558406623,0.5457858637585978,1.2042324393625985,13,12,1.4016454212679366,0.6688450746269,0.3699349400919193,5,6.707764994217372,3.4600977978920313,1.8029889220707898,2.4248432711758587,2.3431195105765856,0.7474044136283915,5.135217864432414,93,2.051125016886724,2.0222597638174302,0.5509052191139961,2.490552245424718,0.6668483098578575,27.527344740455323,13.371526393733307,3.856336533797973,3.3688259031949586,6.629266517724198,3.9494437579074706,1.4588915124827526,0.38185070517244507,0.557078752811634
0,25,805.7712306958731,24.32613778117539,2.0,1.0,-2.0,2.0,6,19,17,1.696110367945783,0.6956491297648375,0.4330737003687398,5,5.607628455890057,4.003222048626897,1.645413815574087,4.193327518235011,3.837392434094718,0.7579415815993252,16.82605409358768,94,5.951404308291474,5.918188543815505,0.6685577024799059,4.605352810446632,0.670298544006653,61.92193328743699,20.494613480728457,4.679903917359341,4.843051901007196,14.349832246799135,6.811772066287295,2.2064192558406623,0.5457858637585978,1.2042324393625985,13,12,1.4016454212679366,0.6688450746269,0.3699349400919193,5,6.707764994217372,3.4600977978920313,1.8029889220707898,2.4248432711758587,2.3431195105765856,0.7474044136283915,5.135217864432414,93,2.051125016886724,2.0222597638174302,0.5509052191139961,2.490552245424718,0.6668483098578575,27.527344740455323,13.371526393733307,3.856336533797973,3.3688259031949586,6.629266517724198,3.9494437579074706,1.4588915124827526,0.38185070517244507,0.557078752811634
0,26,794.4258026549717,24.32613778117539,2.0,1.0,-2.0,2.0,6,19,17,1.7122653679387028,0.6798284605498196,0.43643861587642563,5,5.501819540349984,3.9014425995569537,1.6226598618497667,4.094491585745004,3.72210326442048,0.7286696531314618,16.036191692605183,94,3.9340967479526268,3.6601701606514245,0.5332321615742948,4.550481466617683,0.6620520816443406,48.07866418344238,22.457473058882414,3.7326251310200633,5.181365455358774,17.00270341482096,6.811772066287295,2.261290599669613,0.5579329793540458,1.261648601458964,13,12,1.3836406560605623,0.6687708471245647,0.3662066157770907,5,6.633660216143782,3.4148465498372014,1.785310798999638,2.4223901459514496,2.3394908811843402,0.741978268026401,5.127870160784764,93,1.992116560761157,1.9398554103410244,0.5079286993108186,2.4872139266454,0.6667112921850814,27.527344740455323,13.948356868068146,3.5555008951757308,3.4989474401689113,7.323843680943413,3.9494437579074706,1.4622298312620707,0.38255000727392957,0.559376032585462
0,27,794.4258026549717,24.32613778117539,2.0,1.0,-2.0,2.0,6,19,17,1.7122653679387028,0.6798284605498196,0.43643861587642563,5,5.501819540349984,3.9014425995569537,1.6226598618497667,4.094491585745004,3.72210326442048,0.7286696531314618,16.036191692605183,94,3.9340967479526268,3.6601701606514245,0.5332321615742948,4.550481466617683,0.6620520816443406,48.07866418344238,22.457473058882414,3.7326251310200633,5.181365455358774,17.00270341482096,6.811772066287295,2.261290599669613,0.5579329793540458,1.261648601458964,13,12,1.3836406560605623,0.6687708471245647,0.3662066157770907,5,6.633660216143782,3.4148465498372014,1.785310798999638,2.4223901459514496,2.3394908811843402,0.741978268026401,5.127870160784764,93,1.992116560761157,1.9398554103410244,0.5079286993108186,2.4872139266454,0.6667112921850814,27.527344740455323,13.948356868068146,3.5555008951757308,3.4989474401689113,7.323843680943413,3.9494437579074706,1.4622298312620707,0.38255000727392957,0.559376032585462
0,28,794.4258026549717,24.32613778117539,2.0,1.0,-2.0,2.0,6,19,17,1.7122653679387028,0.6798284605498196,0.43643861587642563,5,5.501819540349984,3.9014425995569537,1.6226598618497667,4.094491585745004,3.72210326442048,0.7286696531314618,16.036191692605183,94,3.9340967479526268,3.6601701606514245,0.5332321615742948,4.550481466617683,0.6620520816443406,48.07866418344238,22.457473058882414,3.7326251310200633,5.181365455358774,17.00270341482096,6.811772066287295,2.261290599669613,0.5579329793540458,1.261648601458964,13,12,1.3836406560605623,0.6687708471245647,0.3662066157770907,5,6.633660216143782,3.4148465498372014,1.785310798999638,2.4223901459514496,2.3394908811843402,0.741978268026401,5.127870160784764,93,1.992116560761157,1.9398554103410244,0.5079286993108186,2.4872139266454,0.6667112921850814,27.527344740455323,13.948356868068146,3.5555008951757308,3.4989474401689113,7.323843680943413,3.9494437579074706,1.4622298312620707,0.38255000727392957,0.559376032585462
0,29,794.4258026549717,24.32613778117539,2.0,1.0,-2.0,2.0,6,19,17,1.7122653679387028,0.6798284605498196,0.43643861587642563,5,5.501819540349984,3.9014425995569537,1.6226598618497667,4.094491585745004,3.72210326442048,0.7286696531314618,16.036191692605183,94,3.9340967479526268,3.6601701606514245,0.5332321615742948,4.550481466617683,0.6620520816443406,48.07866418344238,22.457473058882414,3.7326251310200633,5.181365455358774,17.00270341482096,6.811772066287295,2.261290599669613,0.5579329793540458,1.261648601458964,13,12,1.3836406560605623,0.6687708471245647,0.3662066157770907,5,6.633660216143782,3.4148465498372014,1.785310798999638,2.4223901459514496,2.3394908811843402,0.741978268026401,5.127870160784764,93,1.992116560761157,1.9398554103410244,0.5079286993108186,2.4872139266454,0.6667112921850814,27.527344740455323,13.948356868068146,3.5555008951757308,3.4989474401689113,7.323843680943413,3.9494437579074706,1.4622298312620707,0.38255000727392957,0.559376032585462
0,30,794.4258026549717,35.087353605370154,2.0,1.0,-2.0,2.0,8,19,17,1.7122653679387028,0.6798284605498196,0.43643861587642563,5,5.501819540349984,3.9014425995569537,1.6226598618497667,4.094491585745004,3.72210326442048,0.7286696531314618,16.036191692605183,94,3.9340967479526268,3.6601701606514245,0.5332321615742948,4.550481466617683,0.6620520816443406,48.07866418344238,22.457473058882414,3.7326251310200633,5.181365455358774,17.00270341482096,6.811772066287295,2.261290599669613,0.5579329793540458,1.261648601458964,13,12,1.3836406560605623,0.6687708471245647,0.3662066157770907,5,6.633660216143782,3.4148465498372014,1.785310798999638,2.4223901459514496,2.3394908811843402,0.741978268026401,5.127870160784764,93,1.992116560761157,1.9398554103410244,0.5079286993108186,2.4872139266454,0.6667112921850814,27.527344740455323,13.948356868068146,3.5555008951757308,3.4989474401689113,7.323843680943413,3.9494437579074706,1.4622298312620707,0.38255000727392957,0.559376032585462
0,31,782.7284569212396,35.087353605370154,2.0,1.0,-2.0,2.0,8,19,18,2.9119228161663813,0.6048097224865403,0.6941843152672098,6,9.735845494189562,4.39595405833264,2.5740852220891988,4.369953916429372,3.9961169745069536,0.6913030157950792,18.405194215921323,93,2.644901550237052,2.5579588205055193,0.37836624534705876,3.310426669555847,0.4912613354574345,44.635263691237114,26.72955194769848,2.648563717429411,5.906513681616545,22.585121341963657,6.81234986744759,3.5019231978917436,0.798207052500951,2.7952597938738735,13,13,1.4620509047030985,0.6666501316950901,0.38251130729991595,6,7.942072027969977,4.072810218496516,2.132215597642077,2.4997159202767048,2.417159299847041,0.7105403979626873,5.538039284122125,92,1.7972820768906606,1.724694480872539,0.4383548451500316,2.4103395068874303,0.6593879462551605,27.994746189274352,15.921884823166575,3.068483916050221,3.9311599831941018,9.498005066444843,3.933887862666468,1.5235483557790375,0.3954080880044909,0.602423342340975
0,32,782.7284569212396,35.087353605370154,2.0,1.0,-2.0,2.0,8,19,18,2.9119228161663813,0.6048097224865403,0.6941843152672098,6,9.735845494189562,4.39595405833264,2.5740852220891988,4.369953916429372,3.9961169745069536,0.6913030157950792,18.405194215921323,93,2.644901550237052,2.5579588205055193,0.37836624534705876,3.310426669555847,0.4912613354574345,44.635263691237114,26.72955194769848,2.648563717429411,5.906513681616545,22.585121341963657,6.81234986744759,3.5019231978917436,0.798207052500951,2.7952597938738735,13,13,1.4620509047030985,0.6666501316950901,0.38251130729991595,6,7.942072027969977,4.072810218496516,2.132215597642077,2.4997159202767048,2.417159299847041,0.7105403979626873,5.538039284122125,92,1.7972820768906606,1.724694480872539,0.4383548451500316,2.4103395068874303,0.6593879462551605,27.994746189274352,15.921884823166575,3.068483916050221,3.9311599831941018,9.498005066444843,3.933887862666468,1.5235483557790375,0.3954080880044909,0.602423342340975
0,33,782.7284569212396,35.087353605370154,2.0,1.0,-2.0,2.0,8,19,18,2.9119228161663813,0.6048097224865403,0.6941843152672098,6,9.735845494189562,4.39595405833264,2.5740852220891988,4.369953916429372,3.9961169745069536,0.6913030157950792,18.405194215921323,93,2.644901550237052,2.5579588205055193,0.37836624534705876,3.310426669555847,0.4912613354574345,44.635263691237114,26.72955194769848,2.648563717429411,5.906513681616545,22.585121341963657,6.81234986744759,3.5019231978917436,0.798207052500951,2.7952597938738735,13,13,1.4620509047030985,0.6666501316950901,0.38251130729991595,6,7.942072027969977,4.072810218496516,2.132215597642077,2.4997159202767048,2.417159299847041,0.7105403979626873,5.538039284122125,92,1.7972820768906606,1.724694480872539,0.4383548451500316,2.4103395068874303,0.6593879462551605,27.994746189274352,15.921884823166575,3.068483916050221,3.9311599831941018,9.498005066444843,3.933887862666468,1.5235483557790375,0.3954080880044909,0.602423342340975
0,34,782.7284569212396,35.087353605370154,2.0,1.0,-2.0,2.0,8,19,18,2.9119228161663813,0.6048097224865403,0.6941843152672098,6,9.735845494189562,4.39595405833264,2.5740852220891988,4.369953916429372,3.9961169745069536,0.6913030157950792,18.405194215921323,93,2.644901550237052,2.5579588205055193,0.37836624534705876,3.310426669555847,0.4912613354574345,44.635263691237114,26.72955194769848,2.648563717429411,5.906513681616545,22.585121341963657,6.81234986744759,3.5019231978917436,0.798207052500951,2.7952597938738735,13,13,1.4620509047030985,0.6666501316950901,0.38251130729991595,6,7.942072027969977,4.072810218496516,2.132215597642077,2.4997159202767048,2.417159299847041,0.7105403979626873,5.538039284122125,92,1.7972820768906606,1.724694480872539,0.4383548451500316,2.4103395068874303,0.6593879462551605,27.994746189274352,15.921884823166575,3.068483916050221,3.9311599831941018,9.498005066444843,3.933887862666468,1.5235483557790375,0.3954080880044909,0.602423342340975
0,35,782.7284569212396,35.087353605370154,2.0,1.0,-2.0,2.0,8,19,18,2.9119228161663813,0.6048097224865403,0.6941843152672098,6,9.735845494189562,4.39595405833264,2.5740852220891988,4.369953916429372,3.9961169745069536,0.6913030157950792,18.405194215921323,93,2.644901550237052,2.5579588205055193,0.37836624534705876,3.310426669555847,0.4912613354574345,44.635263691237114,26.72955194769848,2.648563717429411,5.906513681616545,22.585121341963657,6.81234986744759,3.5019231978917436,0.798207052500951,2.7952597938738735,13,13,1.4620509047030985,0.6666501316950901,0.38251130729991595,6,7.942072027969977,4.072810218496516,2.132215597642077,2.4997159202767048,2.417159299847041,0.7105403979626873,5.538039284122125,92,1.7972820768906606,1.724694480872539,0.4383548451500316,2.4103395068874303,0.6593879462551605,27.994746189274352,15.921884823166575,3.068483916050221,3.9311599831941018,9.498005066444843,3.933887862666468,1.5235483557790375,0.3954080880044909,0.602423342340975
0,36,765.3824720233736,35.087353605370154,2.0,1.0,-2.0,2.0,8,19,18,2.974401416219058,0.4643245009852124,0.7101517559715566,6,8.919789064593356,4.06909439654722,2.404819811152487,3.8522217845254785,3.5566904541752007,0.6476339131515698,14.191978764021092,93,3.4223623621257038,3.4028614075816797,0.4174516667018983,3.7180927342304093,0.46405308721127764,63.54938615513417,39.72935630206243,2.922161666913288,6.736379562447702,38.34098526082674,8.081740536100476,4.363647801870067,0.8978772702128521,3.918020176513408,13,13,1.464722151993232,0.66662940025755,0.3830727863715817,6,8.02884957717593,4.067913221033896,2.149694572429542,2.4423993663813137,2.3675010923259436,0.6992454768761126,5.266069188023732,92,1.7500092407949235,1.645646805781908,0.43513710842263337,2.42769248142745,0.6592127615666726,27.994746189274352,16.475218548800992,3.0459597589584337,4.03427971001534,10.213288887032743,3.933887862666468,1.506195381239018,0.3917140146293363,0.5899978396012995
0,37,765.3824720233736,35.087353605370154,2.0,1.0,-2.0,2.0,8,19,18,2.974401416219058,0.4643245009852124,0.7101517559715566,6,8.919789064593356,4.06909439654722,2.404819811152487,3.8522217845254785,3.5566904541752007,0.6476339131515698,14.191978764021092,93,3.4223623621257038,3.4028614075816797,0.4174516667018983,3.7180927342304093,0.46405308721127764,63.54938615513417,39.72935630206243,2.922161666913288,6.736379562447702,38.34098526082674,8.081740536100476,4.363647801870067,0.8978772702128521,3.918020176513408,13,13,1.464722151993232,0.66662940025755,0.3830727863715817,6,8.02884957717593,4.067913221033896,2.149694572429542,2.4423993663813137,2.3675010923259436,0.6992454768761126,5.266069188023732,92,1.7500092407949235,1.645646805781908,0.43513710842263337,2.42769248142745,0.6592127615666726,27.994746189274352,16.475218548800992,3.0459597589584337,4.03427971001534,10.213288887032743,3.933887862666468,1.506195381239018,0.3917140146293363,0.5899978396012995
0,38,765.3824720233736,35.087353605370154,2.0,1.0,-2.0,2.0,8,19,18,2.974401416219058,0.4643245009852124,0.7101517559715566,6,8.919789064593356,4.06909439654722,2.404819811152487,3.8522217845254785,3.5566904541752007,0.6476339131515698,14.191978764021092,93,3.4223623621257038,3.4028614075816797,0.4174516667018983,3.7180927342304093,0.46405308721127764,63.54938615513417,39.72935630206243,2.922161666913288,6.736379562447702,38.34098526082674,8.081740536100476,4.363647801870067,0.8978772702128521,3.918020176513408,13,13,1.464722151993232,0.66662940025755,0.3830727863715817,6,8.02884957717593,4.067913221033896,2.149694572429542,2.4423993663813137,2.3675010923259436,0.6992454768761126,5.266069188023732,92,1.7500092407949235,1.645646805781908,0.43513710842263337,2.42769248142745,0.6592127615666726,27.994746189274352,16.475218548800992,3.0459597589584337,4.03427971001534,10.213288887032743,3.933887862666468,1.506195381239018,0.3917140146293363,0.5899978396012995
0,39,765.3824720233736,35.087353605370154,2.0,1.0,-2.0,2.0,8,19,18,2.974401416219058,0.4643245009852124,0.7101517559715566,6,8.919789064593356,4.06909439654722,2.404819811152487,3.8522217845254785,3.5566904541752007,0.6476339131515698,14.191978764021092,93,3.4223623621257038,3.4028614075816797,0.4174516667018983,3.7180927342304093,0.46405308721127764,63.54938615513417,39.72935630206243,2.922161666913288,6.736379562447702,38.34098526082674,8.081740536100476,4.363647801870067,0.8978772702128521,3.918020176513408,13,13,1.464722151993232,0.66662940025755,0.3830727863715817,6,8.02884957717593,4.067913221033896,2.149694572429542,2.4423993663813137,2.3675010923259436,0.6992454768761126,5.266069188023732,92,1.7500092407949235,1.645646805781908,0.43513710842263337,2.42769248142745,0.6592127615666726,27.994746189274352,16.475218548800992,3.0459597589584337,4.03427971001534,10.213288887032743,3.933887862666468,1.506195381239018,0.3917140146293363,0.5899978396012995
0,40,765.3824720233736,47.1029820041371,2.0,1.0,-2.0,2.0,10,19,18,2.974401416219058,0.4643245009852124,0.7101517559715566,6,8.919789064593356,4.06909439654722,2.404819811152487,3.8522217845254785,3.5566904541752007,0.6476339131515698,14.191978764021092,93,3.4223623621257038,3.4028614075816797,0.4174516667018983,3.7180927342304093,0.46405308721127764,63.54938615513417,39.72935630206243,2.922161666913288,6.736379562447702,38.34098526082674,8.081740536100476,4.363647801870067,0.8978772702128521,3.918020176513408,13,13,1.464722151993232,0.66662940025755,0.3830727863715817,6,8.02884957717593,4.067913221033896,2.149694572429542,2.4423993663813137,2.3675010923259436,0.6992454768761126,5.266069188023732,92,1.7500092407949235,1.645646805781908,0.43513710842263337,2.42769248142745,0.6592127615666726,27.994746189274352,16.475218548800992,3.0459597589584337,4.03427971001534,10.213288887032743,3.933887862666468,1.506195381239018,0.3917140146293363,0.5899978396012995
0,41,752.9770651422064,47.1029820041371,2.0,1.0,-2.0,2.0,10,19,19,4.335547764370383,0.43925177583570124,0.8963133999658804,7,12.909507192430805,4.493264366431357,3.2471992535283216,4.203699075247372,3.8712135798562346,0.6092060259957754,17.061879889239844,92,3.1177864648592637,3.09549743715115,0.3519638336027699,3.6740157792193235,0.4026840414360244,65.12135447215914,43.4528724121011,2.463746835219389,6.856374823384679,42.5861903728092,9.119274111001175,5.445258331781852,0.9608876231498058,5.23228133586254,13,14,1.4905880570504786,0.6591515020428407,0.38840354902629376,7,9.411915585841049,4.725635713228527,2.5160315493730887,2.5078461392367855,2.4117226455555403,0.6659980756649914,5.625297751372187,91,1.5207286612066364,1.3677972821950364,0.3798302009204501,2.3478774925558366,0.6239090955278742,28.363714857296635,18.78913388193138,2.6588114064431507,4.487043410914314,12.934292181891166,3.92152919972812,1.5736517071722835,0.40562022105633544,0.6383049533289012
0,42,752.9770651422064,47.1029820041371,2.0,1.0,-2.0,2.0,10,19,19,4.335547764370383,0.43925177583570124,0.8963133999658804,7,12.909507192430805,4.493264366431357,3.2471992535283216,4.203699075247372,3.8712135798562346,0.6092060259957754,17.061879889239844,92,3.1177864648592637,3.09549743715115,0.3519638336027699,3.6740157792193235,0.4026840414360244,65.12135447215914,43.4528724121011,2.463746835219389,6.856374823384679,42.5861903728092,9.119274111001175,5.445258331781852,0.9608876231498058,5.23228133586254,13,14,1.4905880570504786,0.6591515020428407,0.38840354902629376,7,9.411915585841049,4.725635713228527,2.5160315493730887,2.5078461392367855,2.4117226455555403,0.6659980756649914,5.625297751372187,91,1.5207286612066364,1.3677972821950364,0.3798302009204501,2.3478774925558366,0.6239090955278742,28.363714857296635,18.78913388193138,2.6588114064431507,4.487043410914314,12.934292181891166,3.92152919972812,1.5736517071722835,0.40562022105633544,0.6383049533289012
0,43,752.9770651422064,47.1029820041371,2.0,1.0,-2.0,2.0,10,19,19,4.335547764370383,0.43925177583570124,0.8963133999658804,7,12.909507192430805,4.493264366431357,3.2471992535283216,4.203699075247372,3.8712135798562346,0.6092060259957754,17.061879889239844,92,3.1177864648592637,3.09549743715115,0.3519638336027699,3.6740157792193235,0.4026840414360244,65.12135447215914,43.4528724121011,2.463746835219389,6.856374823384679,42.5861903728092,9.119274111001175,5.445258331781852,0.9608876231498058,5.23228133586254,13,14,1.4905880570504786,0.6591515020428407,0.38840354902629376,7,9.411915585841049,4.725635713228527,2.5160315493730887,2.5078461392367855,2.4117226455555403,0.6659980756649914,5.625297751372187,91,1.5207286612066364,1.3677972821950364,0.3798302009204501,2.3478774925558366,0.6239090955278742,28.363714857296635,18.78913388193138,2.6588114064431507,4.487043410914314,12.934292181891166,3.92152919972812,1.5736517071722835,0.40562022105633544,0.6383049533289012
0,44,752.9770651422064,47.1029820041371,2.0,1.0,-2.0,2.0,10,19,19,4.335547764370383,0.43925177583570124,0.8963133999658804,7,12.909507192430805,4.493264366431357,3.2471992535283216,4.203699075247372,3.8712135798562346,0.6092060259957754,17.061879889239844,92,3.1177864648592637,3.09549743715115,0.3519638336027699,3.6740157792193235,0.4026840414360244,65.12135447215914,43.4528724121011,2.463746835219389,6.856374823384679,42.5861903728092,9.119274111001175,5.445258331781852,0.9608876231498058,5.23228133586254,13,14,1.4905880570504786,0.6591515020428407,0.38840354902629376,7,9.411915585841049,4.725635713228527,2.5160315493730887,2.5078461392367855,2.4117226455555403,0.6659980756649914,5.625297751372187,91,1.5207286612066364,1.3677972821950364,0.3798302009204501,2.3478774925558366,0.6239090955278742,28.363714857296635,18.78913388193138,2.6588114064431507,4.487043410914314,12.934292181891166,3.92152919972812,1.5736517071722835,0.40562022105633544,0.6383049533289012
0,45,752.9770651422064,47.1029820041371,2.0,1.0,-2.0,2.0,10,19,19,4.335547764370383,0.43925177583570124,0.8963133999658804,7,12.909507192430805,4.493264366431357,3.2471992535283216,4.203699075247372,3.8712135798562346,0.6092060259957754,17.061879889239844,92,3.1177864648592637,3.09549743715115,0.3519638336027699,3.6740157792193235,0.4026840414360244,65.12135447215914,43.4528724121011,2.463746835219389,6.856374823384679,42.5861903728092,9.119274111001175,5.445258331781852,0.9608876231498058,5.23228133586254,13,14,1.4905880570504786,0.6591515020428407,0.38840354902629376,7,9.411915585841049,4.725635713228527,2.5160315493730887,2.5078461392367855,2.4117226455555403,0.6659980756649914,5.625297751372187,91,1.5207286612066364,1.3677972821950364,0.3798302009204501,2.3478774925558366,0.6239090955278742,28.363714857296635,18.78913388193138,2.6588114064431507,4.487043410914314,12.934292181891166,3.92152919972812,1.5736517071722835,0.40562022105633544,0.6383049533289012
0,46,737.833214138846,47.1029820041371,2.0,1.0,-2.0,2.0,10,19,19,4.4857996611866895,0.42996643599510415,0.9088153515392362,7,12.774024083422233,4.47731546687234,3.207797241110461,3.813068878435492,3.5795813737757185,0.5813830453770381,13.95811122631626,92,3.273942272159565,3.2586629105943277,0.3506614697549222,3.4990231296441374,0.3863843048485094,66.97190422806725,44.16126385390696,2.4546302882844553,6.872212831203525,43.37067713080562,9.119274111001175,5.620250981357038,0.9668615477019936,5.434004562308514,13,14,1.4861061583385722,0.659140170925382,0.3874548743055297,7,9.421049694272604,4.725342856089668,2.5179050082834253,2.5163476725083243,2.4170277910965554,0.6657647053439825,5.668788316001735,91,1.507756603090356,1.3365744959584924,0.37927460495463067,2.3537180296680864,0.623881714165686,28.363714857296635,19.00769338558719,2.654922234682415,4.515550451273439,13.225237314077543,3.92152919972812,1.5678111700600332,0.40435847067125497,0.6339577270267859
0,47,737.833214138846,47.1029820041371,2.0,1.0,-2.0,2.0,10,19,19,4.4857996611866895,0.42996643599510415,0.9088153515392362,7,12.774024083422233,4.47731546687234,3.207797241110461,3.813068878435492,3.5795813737757185,0.5813830453770381,13.95811122631626,92,3.273942272159565,3.2586629105943277,0.3506614697549222,3.4990231296441374,0.3863843048485094,66.97190422806725,44.16126385390696,2.4546302882844553,6.872212831203525,43.37067713080562,9.119274111001175,5.620250981357038,0.9668615477019936,5.434004562308514,13,14,1.4861061583385722,0.659140170925382,0.3874548743055297,7,9.421049694272604,4.725342856089668,2.5179050082834253,2.5163476725083243,2.4170277910965554,0.6657647053439825,5.668788316001735,91,1.507756603090356,1.3365744959584924,0.37927460495463067,2.3537180296680864,0.623881714165686,28.363714857296635,19.00769338558719,2.654922234682415,4.515550451273439,13.225237314077543,3.92152919972812,1.5678111700600332,0.40435847067125497,0.6339577270267859
0,48,737.833214138846,47.1029820041371,2.0,1.0,-2.0,2.0,10,19,19,4.4857996611866895,0.42996643599510415,0.9088153515392362,7,12.774024083422233,4.47731546687234,3.207797241110461,3.813068878435492,3.5795813737757185,0.5813830453770381,13.95811122631626,92,3.273942272159565,3.2586629105943277,0.3506614697549222,3.4990231296441374,0.3863843048485094,66.97190422806725,44.16126385390696,2.4546302882844553,6.872212831203525,43.37067713080562,9.119274111001175,5.620250981357038,0.9668615477019936,5.434004562308514,13,14,1.4861061583385722,0.659140170925382,0.3874548743055297,7,9.421049694272604,4.725342856089668,2.5179050082834253,2.5163476725083243,2.4170277910965554,0.6657647053439825,5.668788316001735,91,1.507756603090356,1.3365744959584924,0.37927460495463067,2.3537180296680864,0.623881714165686,28.363714857296635,19.00769338558719,2.654922234682415,4.515550451273439,13.225237314077543,3.92152919972812,1.5678111700600332,0.40435847067125497,0.6339577270267859
0,49,737.833214138846,47.1029820041371,2.0,1.0,-2.0,2.0,10,19,19,4.4857996611866895,0.42996643599510415,0.9088153515392362,7,12.774024083422233,4.47731546687234,3.207797241110461,3.813068878435492,3.5795813737757185,0.5813830453770381,13.95811122631626,92,3.273942272159565,3.2586629105943277,0.3506614697549222,3.4990231296441374,0.3863843048485094,66.97190422806725,44.16126385390696,2.4546302882844553,6.872212831203525,43.37067713080562,9.119274111001175,5.620250981357038,0.9668615477019936,5.434004562308514,13,14,1.4861061583385722,0.659140170925382,0.3874548743055297,7,9.421049694272604,4.725342856089668,2.5179050082834253,2.5163476725083243,2.4170277910965554,0.6657647053439825,5.668788316001735,91,1.507756603090356,1.3365744959584924,0.37927460495463067,2.3537180296680864,0.623881714165686,28.363714857296635,19.00769338558719,2.654922234682415,4.515550451273439,13.225237314077543,3.92152919972812,1.5678111700600332,0.40435847067125497,0.6339577270267859
